county_code,county_name,year,month,date,rural_pop,poverty_rate,data_source
001,Mombasa,2019,1,2019-01-01,6485,0.1289,hdx_knbs
001,Mombasa,2019,2,2019-02-01,6485,0.1289,hdx_knbs
001,Mombasa,2019,3,2019-03-01,6485,0.1289,hdx_knbs
001,Mombasa,2019,4,2019-04-01,6485,0.1289,hdx_knbs
001,Mombasa,2019,5,2019-05-01,6485,0.1289,hdx_knbs
001,Mombasa,2019,6,2019-06-01,6485,0.1289,hdx_knbs
001,Mombasa,2019,7,2019-07-01,6485,0.1289,hdx_knbs
001,Mombasa,2019,8,2019-08-01,6485,0.1289,hdx_knbs
001,Mombasa,2019,9,2019-09-01,6485,0.1289,hdx_knbs
001,Mombasa,2019,10,2019-10-01,6485,0.1289,hdx_knbs
001,Mombasa,2019,11,2019-11-01,6485,0.1289,hdx_knbs
001,Mombasa,2019,12,2019-12-01,6485,0.1289,hdx_knbs
001,Mombasa,2020,1,2020-01-01,6485,0.1289,hdx_knbs
001,Mombasa,2020,2,2020-02-01,6485,0.1289,hdx_knbs
001,Mombasa,2020,3,2020-03-01,6485,0.1289,hdx_knbs
001,Mombasa,2020,4,2020-04-01,6485,0.1289,hdx_knbs
001,Mombasa,2020,5,2020-05-01,6485,0.1289,hdx_knbs
001,Mombasa,2020,6,2020-06-01,6485,0.1289,hdx_knbs
001,Mombasa,2020,7,2020-07-01,6485,0.1289,hdx_knbs
001,Mombasa,2020,8,2020-08-01,6485,0.1289,hdx_knbs
001,Mombasa,2020,9,2020-09-01,6485,0.1289,hdx_knbs
001,Mombasa,2020,10,2020-10-01,6485,0.1289,hdx_knbs
001,Mombasa,2020,11,2020-11-01,6485,0.1289,hdx_knbs
001,Mombasa,2020,12,2020-12-01,6485,0.1289,hdx_knbs
001,Mombasa,2021,1,2021-01-01,6485,0.1289,hdx_knbs
001,Mombasa,2021,2,2021-02-01,6485,0.1289,hdx_knbs
001,Mombasa,2021,3,2021-03-01,6485,0.1289,hdx_knbs
001,Mombasa,2021,4,2021-04-01,6485,0.1289,hdx_knbs
001,Mombasa,2021,5,2021-05-01,6485,0.1289,hdx_knbs
001,Mombasa,2021,6,2021-06-01,6485,0.1289,hdx_knbs
001,Mombasa,2021,7,2021-07-01,6485,0.1289,hdx_knbs
001,Mombasa,2021,8,2021-08-01,6485,0.1289,hdx_knbs
001,Mombasa,2021,9,2021-09-01,6485,0.1289,hdx_knbs
001,Mombasa,2021,10,2021-10-01,6485,0.1289,hdx_knbs
001,Mombasa,2021,11,2021-11-01,6485,0.1289,hdx_knbs
001,Mombasa,2021,12,2021-12-01,6485,0.1289,hdx_knbs
001,Mombasa,2022,1,2022-01-01,6485,0.1289,hdx_knbs
001,Mombasa,2022,2,2022-02-01,6485,0.1289,hdx_knbs
001,Mombasa,2022,3,2022-03-01,6485,0.1289,hdx_knbs
001,Mombasa,2022,4,2022-04-01,6485,0.1289,hdx_knbs
001,Mombasa,2022,5,2022-05-01,6485,0.1289,hdx_knbs
001,Mombasa,2022,6,2022-06-01,6485,0.1289,hdx_knbs
001,Mombasa,2022,7,2022-07-01,6485,0.1289,hdx_knbs
001,Mombasa,2022,8,2022-08-01,6485,0.1289,hdx_knbs
001,Mombasa,2022,9,2022-09-01,6485,0.1289,hdx_knbs
001,Mombasa,2022,10,2022-10-01,6485,0.1289,hdx_knbs
001,Mombasa,2022,11,2022-11-01,6485,0.1289,hdx_knbs
001,Mombasa,2022,12,2022-12-01,6485,0.1289,hdx_knbs
002,Kwale,2019,1,2019-01-01,687435,0.4451,hdx_knbs
002,Kwale,2019,2,2019-02-01,687435,0.4451,hdx_knbs
002,Kwale,2019,3,2019-03-01,687435,0.4451,hdx_knbs
002,Kwale,2019,4,2019-04-01,687435,0.4451,hdx_knbs
002,Kwale,2019,5,2019-05-01,687435,0.4451,hdx_knbs
002,Kwale,2019,6,2019-06-01,687435,0.4451,hdx_knbs
002,Kwale,2019,7,2019-07-01,687435,0.4451,hdx_knbs
002,Kwale,2019,8,2019-08-01,687435,0.4451,hdx_knbs
002,Kwale,2019,9,2019-09-01,687435,0.4451,hdx_knbs
002,Kwale,2019,10,2019-10-01,687435,0.4451,hdx_knbs
002,Kwale,2019,11,2019-11-01,687435,0.4451,hdx_knbs
002,Kwale,2019,12,2019-12-01,687435,0.4451,hdx_knbs
002,Kwale,2020,1,2020-01-01,687435,0.4451,hdx_knbs
002,Kwale,2020,2,2020-02-01,687435,0.4451,hdx_knbs
002,Kwale,2020,3,2020-03-01,687435,0.4451,hdx_knbs
002,Kwale,2020,4,2020-04-01,687435,0.4451,hdx_knbs
002,Kwale,2020,5,2020-05-01,687435,0.4451,hdx_knbs
002,Kwale,2020,6,2020-06-01,687435,0.4451,hdx_knbs
002,Kwale,2020,7,2020-07-01,687435,0.4451,hdx_knbs
002,Kwale,2020,8,2020-08-01,687435,0.4451,hdx_knbs
002,Kwale,2020,9,2020-09-01,687435,0.4451,hdx_knbs
002,Kwale,2020,10,2020-10-01,687435,0.4451,hdx_knbs
002,Kwale,2020,11,2020-11-01,687435,0.4451,hdx_knbs
002,Kwale,2020,12,2020-12-01,687435,0.4451,hdx_knbs
002,Kwale,2021,1,2021-01-01,687435,0.4451,hdx_knbs
002,Kwale,2021,2,2021-02-01,687435,0.4451,hdx_knbs
002,Kwale,2021,3,2021-03-01,687435,0.4451,hdx_knbs
002,Kwale,2021,4,2021-04-01,687435,0.4451,hdx_knbs
002,Kwale,2021,5,2021-05-01,687435,0.4451,hdx_knbs
002,Kwale,2021,6,2021-06-01,687435,0.4451,hdx_knbs
002,Kwale,2021,7,2021-07-01,687435,0.4451,hdx_knbs
002,Kwale,2021,8,2021-08-01,687435,0.4451,hdx_knbs
002,Kwale,2021,9,2021-09-01,687435,0.4451,hdx_knbs
002,Kwale,2021,10,2021-10-01,687435,0.4451,hdx_knbs
002,Kwale,2021,11,2021-11-01,687435,0.4451,hdx_knbs
002,Kwale,2021,12,2021-12-01,687435,0.4451,hdx_knbs
002,Kwale,2022,1,2022-01-01,687435,0.4451,hdx_knbs
002,Kwale,2022,2,2022-02-01,687435,0.4451,hdx_knbs
002,Kwale,2022,3,2022-03-01,687435,0.4451,hdx_knbs
002,Kwale,2022,4,2022-04-01,687435,0.4451,hdx_knbs
002,Kwale,2022,5,2022-05-01,687435,0.4451,hdx_knbs
002,Kwale,2022,6,2022-06-01,687435,0.4451,hdx_knbs
002,Kwale,2022,7,2022-07-01,687435,0.4451,hdx_knbs
002,Kwale,2022,8,2022-08-01,687435,0.4451,hdx_knbs
002,Kwale,2022,9,2022-09-01,687435,0.4451,hdx_knbs
002,Kwale,2022,10,2022-10-01,687435,0.4451,hdx_knbs
002,Kwale,2022,11,2022-11-01,687435,0.4451,hdx_knbs
002,Kwale,2022,12,2022-12-01,687435,0.4451,hdx_knbs
003,Kilifi,2019,1,2019-01-01,611023,0.4636,hdx_knbs
003,Kilifi,2019,2,2019-02-01,611023,0.4636,hdx_knbs
003,Kilifi,2019,3,2019-03-01,611023,0.4636,hdx_knbs
003,Kilifi,2019,4,2019-04-01,611023,0.4636,hdx_knbs
003,Kilifi,2019,5,2019-05-01,611023,0.4636,hdx_knbs
003,Kilifi,2019,6,2019-06-01,611023,0.4636,hdx_knbs
003,Kilifi,2019,7,2019-07-01,611023,0.4636,hdx_knbs
003,Kilifi,2019,8,2019-08-01,611023,0.4636,hdx_knbs
003,Kilifi,2019,9,2019-09-01,611023,0.4636,hdx_knbs
003,Kilifi,2019,10,2019-10-01,611023,0.4636,hdx_knbs
003,Kilifi,2019,11,2019-11-01,611023,0.4636,hdx_knbs
003,Kilifi,2019,12,2019-12-01,611023,0.4636,hdx_knbs
003,Kilifi,2020,1,2020-01-01,611023,0.4636,hdx_knbs
003,Kilifi,2020,2,2020-02-01,611023,0.4636,hdx_knbs
003,Kilifi,2020,3,2020-03-01,611023,0.4636,hdx_knbs
003,Kilifi,2020,4,2020-04-01,611023,0.4636,hdx_knbs
003,Kilifi,2020,5,2020-05-01,611023,0.4636,hdx_knbs
003,Kilifi,2020,6,2020-06-01,611023,0.4636,hdx_knbs
003,Kilifi,2020,7,2020-07-01,611023,0.4636,hdx_knbs
003,Kilifi,2020,8,2020-08-01,611023,0.4636,hdx_knbs
003,Kilifi,2020,9,2020-09-01,611023,0.4636,hdx_knbs
003,Kilifi,2020,10,2020-10-01,611023,0.4636,hdx_knbs
003,Kilifi,2020,11,2020-11-01,611023,0.4636,hdx_knbs
003,Kilifi,2020,12,2020-12-01,611023,0.4636,hdx_knbs
003,Kilifi,2021,1,2021-01-01,611023,0.4636,hdx_knbs
003,Kilifi,2021,2,2021-02-01,611023,0.4636,hdx_knbs
003,Kilifi,2021,3,2021-03-01,611023,0.4636,hdx_knbs
003,Kilifi,2021,4,2021-04-01,611023,0.4636,hdx_knbs
003,Kilifi,2021,5,2021-05-01,611023,0.4636,hdx_knbs
003,Kilifi,2021,6,2021-06-01,611023,0.4636,hdx_knbs
003,Kilifi,2021,7,2021-07-01,611023,0.4636,hdx_knbs
003,Kilifi,2021,8,2021-08-01,611023,0.4636,hdx_knbs
003,Kilifi,2021,9,2021-09-01,611023,0.4636,hdx_knbs
003,Kilifi,2021,10,2021-10-01,611023,0.4636,hdx_knbs
003,Kilifi,2021,11,2021-11-01,611023,0.4636,hdx_knbs
003,Kilifi,2021,12,2021-12-01,611023,0.4636,hdx_knbs
003,Kilifi,2022,1,2022-01-01,611023,0.4636,hdx_knbs
003,Kilifi,2022,2,2022-02-01,611023,0.4636,hdx_knbs
003,Kilifi,2022,3,2022-03-01,611023,0.4636,hdx_knbs
003,Kilifi,2022,4,2022-04-01,611023,0.4636,hdx_knbs
003,Kilifi,2022,5,2022-05-01,611023,0.4636,hdx_knbs
003,Kilifi,2022,6,2022-06-01,611023,0.4636,hdx_knbs
003,Kilifi,2022,7,2022-07-01,611023,0.4636,hdx_knbs
003,Kilifi,2022,8,2022-08-01,611023,0.4636,hdx_knbs
003,Kilifi,2022,9,2022-09-01,611023,0.4636,hdx_knbs
003,Kilifi,2022,10,2022-10-01,611023,0.4636,hdx_knbs
003,Kilifi,2022,11,2022-11-01,611023,0.4636,hdx_knbs
003,Kilifi,2022,12,2022-12-01,611023,0.4636,hdx_knbs
004,Tana River,2019,1,2019-01-01,439082,0.6729,hdx_knbs
004,Tana River,2019,2,2019-02-01,439082,0.6729,hdx_knbs
004,Tana River,2019,3,2019-03-01,439082,0.6729,hdx_knbs
004,Tana River,2019,4,2019-04-01,439082,0.6729,hdx_knbs
004,Tana River,2019,5,2019-05-01,439082,0.6729,hdx_knbs
004,Tana River,2019,6,2019-06-01,439082,0.6729,hdx_knbs
004,Tana River,2019,7,2019-07-01,439082,0.6729,hdx_knbs
004,Tana River,2019,8,2019-08-01,439082,0.6729,hdx_knbs
004,Tana River,2019,9,2019-09-01,439082,0.6729,hdx_knbs
004,Tana River,2019,10,2019-10-01,439082,0.6729,hdx_knbs
004,Tana River,2019,11,2019-11-01,439082,0.6729,hdx_knbs
004,Tana River,2019,12,2019-12-01,439082,0.6729,hdx_knbs
004,Tana River,2020,1,2020-01-01,439082,0.6729,hdx_knbs
004,Tana River,2020,2,2020-02-01,439082,0.6729,hdx_knbs
004,Tana River,2020,3,2020-03-01,439082,0.6729,hdx_knbs
004,Tana River,2020,4,2020-04-01,439082,0.6729,hdx_knbs
004,Tana River,2020,5,2020-05-01,439082,0.6729,hdx_knbs
004,Tana River,2020,6,2020-06-01,439082,0.6729,hdx_knbs
004,Tana River,2020,7,2020-07-01,439082,0.6729,hdx_knbs
004,Tana River,2020,8,2020-08-01,439082,0.6729,hdx_knbs
004,Tana River,2020,9,2020-09-01,439082,0.6729,hdx_knbs
004,Tana River,2020,10,2020-10-01,439082,0.6729,hdx_knbs
004,Tana River,2020,11,2020-11-01,439082,0.6729,hdx_knbs
004,Tana River,2020,12,2020-12-01,439082,0.6729,hdx_knbs
004,Tana River,2021,1,2021-01-01,439082,0.6729,hdx_knbs
004,Tana River,2021,2,2021-02-01,439082,0.6729,hdx_knbs
004,Tana River,2021,3,2021-03-01,439082,0.6729,hdx_knbs
004,Tana River,2021,4,2021-04-01,439082,0.6729,hdx_knbs
004,Tana River,2021,5,2021-05-01,439082,0.6729,hdx_knbs
004,Tana River,2021,6,2021-06-01,439082,0.6729,hdx_knbs
004,Tana River,2021,7,2021-07-01,439082,0.6729,hdx_knbs
004,Tana River,2021,8,2021-08-01,439082,0.6729,hdx_knbs
004,Tana River,2021,9,2021-09-01,439082,0.6729,hdx_knbs
004,Tana River,2021,10,2021-10-01,439082,0.6729,hdx_knbs
004,Tana River,2021,11,2021-11-01,439082,0.6729,hdx_knbs
004,Tana River,2021,12,2021-12-01,439082,0.6729,hdx_knbs
004,Tana River,2022,1,2022-01-01,439082,0.6729,hdx_knbs
004,Tana River,2022,2,2022-02-01,439082,0.6729,hdx_knbs
004,Tana River,2022,3,2022-03-01,439082,0.6729,hdx_knbs
004,Tana River,2022,4,2022-04-01,439082,0.6729,hdx_knbs
004,Tana River,2022,5,2022-05-01,439082,0.6729,hdx_knbs
004,Tana River,2022,6,2022-06-01,439082,0.6729,hdx_knbs
004,Tana River,2022,7,2022-07-01,439082,0.6729,hdx_knbs
004,Tana River,2022,8,2022-08-01,439082,0.6729,hdx_knbs
004,Tana River,2022,9,2022-09-01,439082,0.6729,hdx_knbs
004,Tana River,2022,10,2022-10-01,439082,0.6729,hdx_knbs
004,Tana River,2022,11,2022-11-01,439082,0.6729,hdx_knbs
004,Tana River,2022,12,2022-12-01,439082,0.6729,hdx_knbs
005,Lamu,2019,1,2019-01-01,160948,0.3026,hdx_knbs
005,Lamu,2019,2,2019-02-01,160948,0.3026,hdx_knbs
005,Lamu,2019,3,2019-03-01,160948,0.3026,hdx_knbs
005,Lamu,2019,4,2019-04-01,160948,0.3026,hdx_knbs
005,Lamu,2019,5,2019-05-01,160948,0.3026,hdx_knbs
005,Lamu,2019,6,2019-06-01,160948,0.3026,hdx_knbs
005,Lamu,2019,7,2019-07-01,160948,0.3026,hdx_knbs
005,Lamu,2019,8,2019-08-01,160948,0.3026,hdx_knbs
005,Lamu,2019,9,2019-09-01,160948,0.3026,hdx_knbs
005,Lamu,2019,10,2019-10-01,160948,0.3026,hdx_knbs
005,Lamu,2019,11,2019-11-01,160948,0.3026,hdx_knbs
005,Lamu,2019,12,2019-12-01,160948,0.3026,hdx_knbs
005,Lamu,2020,1,2020-01-01,160948,0.3026,hdx_knbs
005,Lamu,2020,2,2020-02-01,160948,0.3026,hdx_knbs
005,Lamu,2020,3,2020-03-01,160948,0.3026,hdx_knbs
005,Lamu,2020,4,2020-04-01,160948,0.3026,hdx_knbs
005,Lamu,2020,5,2020-05-01,160948,0.3026,hdx_knbs
005,Lamu,2020,6,2020-06-01,160948,0.3026,hdx_knbs
005,Lamu,2020,7,2020-07-01,160948,0.3026,hdx_knbs
005,Lamu,2020,8,2020-08-01,160948,0.3026,hdx_knbs
005,Lamu,2020,9,2020-09-01,160948,0.3026,hdx_knbs
005,Lamu,2020,10,2020-10-01,160948,0.3026,hdx_knbs
005,Lamu,2020,11,2020-11-01,160948,0.3026,hdx_knbs
005,Lamu,2020,12,2020-12-01,160948,0.3026,hdx_knbs
005,Lamu,2021,1,2021-01-01,160948,0.3026,hdx_knbs
005,Lamu,2021,2,2021-02-01,160948,0.3026,hdx_knbs
005,Lamu,2021,3,2021-03-01,160948,0.3026,hdx_knbs
005,Lamu,2021,4,2021-04-01,160948,0.3026,hdx_knbs
005,Lamu,2021,5,2021-05-01,160948,0.3026,hdx_knbs
005,Lamu,2021,6,2021-06-01,160948,0.3026,hdx_knbs
005,Lamu,2021,7,2021-07-01,160948,0.3026,hdx_knbs
005,Lamu,2021,8,2021-08-01,160948,0.3026,hdx_knbs
005,Lamu,2021,9,2021-09-01,160948,0.3026,hdx_knbs
005,Lamu,2021,10,2021-10-01,160948,0.3026,hdx_knbs
005,Lamu,2021,11,2021-11-01,160948,0.3026,hdx_knbs
005,Lamu,2021,12,2021-12-01,160948,0.3026,hdx_knbs
005,Lamu,2022,1,2022-01-01,160948,0.3026,hdx_knbs
005,Lamu,2022,2,2022-02-01,160948,0.3026,hdx_knbs
005,Lamu,2022,3,2022-03-01,160948,0.3026,hdx_knbs
005,Lamu,2022,4,2022-04-01,160948,0.3026,hdx_knbs
005,Lamu,2022,5,2022-05-01,160948,0.3026,hdx_knbs
005,Lamu,2022,6,2022-06-01,160948,0.3026,hdx_knbs
005,Lamu,2022,7,2022-07-01,160948,0.3026,hdx_knbs
005,Lamu,2022,8,2022-08-01,160948,0.3026,hdx_knbs
005,Lamu,2022,9,2022-09-01,160948,0.3026,hdx_knbs
005,Lamu,2022,10,2022-10-01,160948,0.3026,hdx_knbs
005,Lamu,2022,11,2022-11-01,160948,0.3026,hdx_knbs
005,Lamu,2022,12,2022-12-01,160948,0.3026,hdx_knbs
006,Isiolo,2019,1,2019-01-01,231269,0.3949,hdx_knbs
006,Isiolo,2019,2,2019-02-01,231269,0.3949,hdx_knbs
006,Isiolo,2019,3,2019-03-01,231269,0.3949,hdx_knbs
006,Isiolo,2019,4,2019-04-01,231269,0.3949,hdx_knbs
006,Isiolo,2019,5,2019-05-01,231269,0.3949,hdx_knbs
006,Isiolo,2019,6,2019-06-01,231269,0.3949,hdx_knbs
006,Isiolo,2019,7,2019-07-01,231269,0.3949,hdx_knbs
006,Isiolo,2019,8,2019-08-01,231269,0.3949,hdx_knbs
006,Isiolo,2019,9,2019-09-01,231269,0.3949,hdx_knbs
006,Isiolo,2019,10,2019-10-01,231269,0.3949,hdx_knbs
006,Isiolo,2019,11,2019-11-01,231269,0.3949,hdx_knbs
006,Isiolo,2019,12,2019-12-01,231269,0.3949,hdx_knbs
006,Isiolo,2020,1,2020-01-01,231269,0.3949,hdx_knbs
006,Isiolo,2020,2,2020-02-01,231269,0.3949,hdx_knbs
006,Isiolo,2020,3,2020-03-01,231269,0.3949,hdx_knbs
006,Isiolo,2020,4,2020-04-01,231269,0.3949,hdx_knbs
006,Isiolo,2020,5,2020-05-01,231269,0.3949,hdx_knbs
006,Isiolo,2020,6,2020-06-01,231269,0.3949,hdx_knbs
006,Isiolo,2020,7,2020-07-01,231269,0.3949,hdx_knbs
006,Isiolo,2020,8,2020-08-01,231269,0.3949,hdx_knbs
006,Isiolo,2020,9,2020-09-01,231269,0.3949,hdx_knbs
006,Isiolo,2020,10,2020-10-01,231269,0.3949,hdx_knbs
006,Isiolo,2020,11,2020-11-01,231269,0.3949,hdx_knbs
006,Isiolo,2020,12,2020-12-01,231269,0.3949,hdx_knbs
006,Isiolo,2021,1,2021-01-01,231269,0.3949,hdx_knbs
006,Isiolo,2021,2,2021-02-01,231269,0.3949,hdx_knbs
006,Isiolo,2021,3,2021-03-01,231269,0.3949,hdx_knbs
006,Isiolo,2021,4,2021-04-01,231269,0.3949,hdx_knbs
006,Isiolo,2021,5,2021-05-01,231269,0.3949,hdx_knbs
006,Isiolo,2021,6,2021-06-01,231269,0.3949,hdx_knbs
006,Isiolo,2021,7,2021-07-01,231269,0.3949,hdx_knbs
006,Isiolo,2021,8,2021-08-01,231269,0.3949,hdx_knbs
006,Isiolo,2021,9,2021-09-01,231269,0.3949,hdx_knbs
006,Isiolo,2021,10,2021-10-01,231269,0.3949,hdx_knbs
006,Isiolo,2021,11,2021-11-01,231269,0.3949,hdx_knbs
006,Isiolo,2021,12,2021-12-01,231269,0.3949,hdx_knbs
006,Isiolo,2022,1,2022-01-01,231269,0.3949,hdx_knbs
006,Isiolo,2022,2,2022-02-01,231269,0.3949,hdx_knbs
006,Isiolo,2022,3,2022-03-01,231269,0.3949,hdx_knbs
006,Isiolo,2022,4,2022-04-01,231269,0.3949,hdx_knbs
006,Isiolo,2022,5,2022-05-01,231269,0.3949,hdx_knbs
006,Isiolo,2022,6,2022-06-01,231269,0.3949,hdx_knbs
006,Isiolo,2022,7,2022-07-01,231269,0.3949,hdx_knbs
006,Isiolo,2022,8,2022-08-01,231269,0.3949,hdx_knbs
006,Isiolo,2022,9,2022-09-01,231269,0.3949,hdx_knbs
006,Isiolo,2022,10,2022-10-01,231269,0.3949,hdx_knbs
006,Isiolo,2022,11,2022-11-01,231269,0.3949,hdx_knbs
006,Isiolo,2022,12,2022-12-01,231269,0.3949,hdx_knbs
007,Meru,2019,1,2019-01-01,273722,0.2917,hdx_knbs
007,Meru,2019,2,2019-02-01,273722,0.2917,hdx_knbs
007,Meru,2019,3,2019-03-01,273722,0.2917,hdx_knbs
007,Meru,2019,4,2019-04-01,273722,0.2917,hdx_knbs
007,Meru,2019,5,2019-05-01,273722,0.2917,hdx_knbs
007,Meru,2019,6,2019-06-01,273722,0.2917,hdx_knbs
007,Meru,2019,7,2019-07-01,273722,0.2917,hdx_knbs
007,Meru,2019,8,2019-08-01,273722,0.2917,hdx_knbs
007,Meru,2019,9,2019-09-01,273722,0.2917,hdx_knbs
007,Meru,2019,10,2019-10-01,273722,0.2917,hdx_knbs
007,Meru,2019,11,2019-11-01,273722,0.2917,hdx_knbs
007,Meru,2019,12,2019-12-01,273722,0.2917,hdx_knbs
007,Meru,2020,1,2020-01-01,273722,0.2917,hdx_knbs
007,Meru,2020,2,2020-02-01,273722,0.2917,hdx_knbs
007,Meru,2020,3,2020-03-01,273722,0.2917,hdx_knbs
007,Meru,2020,4,2020-04-01,273722,0.2917,hdx_knbs
007,Meru,2020,5,2020-05-01,273722,0.2917,hdx_knbs
007,Meru,2020,6,2020-06-01,273722,0.2917,hdx_knbs
007,Meru,2020,7,2020-07-01,273722,0.2917,hdx_knbs
007,Meru,2020,8,2020-08-01,273722,0.2917,hdx_knbs
007,Meru,2020,9,2020-09-01,273722,0.2917,hdx_knbs
007,Meru,2020,10,2020-10-01,273722,0.2917,hdx_knbs
007,Meru,2020,11,2020-11-01,273722,0.2917,hdx_knbs
007,Meru,2020,12,2020-12-01,273722,0.2917,hdx_knbs
007,Meru,2021,1,2021-01-01,273722,0.2917,hdx_knbs
007,Meru,2021,2,2021-02-01,273722,0.2917,hdx_knbs
007,Meru,2021,3,2021-03-01,273722,0.2917,hdx_knbs
007,Meru,2021,4,2021-04-01,273722,0.2917,hdx_knbs
007,Meru,2021,5,2021-05-01,273722,0.2917,hdx_knbs
007,Meru,2021,6,2021-06-01,273722,0.2917,hdx_knbs
007,Meru,2021,7,2021-07-01,273722,0.2917,hdx_knbs
007,Meru,2021,8,2021-08-01,273722,0.2917,hdx_knbs
007,Meru,2021,9,2021-09-01,273722,0.2917,hdx_knbs
007,Meru,2021,10,2021-10-01,273722,0.2917,hdx_knbs
007,Meru,2021,11,2021-11-01,273722,0.2917,hdx_knbs
007,Meru,2021,12,2021-12-01,273722,0.2917,hdx_knbs
007,Meru,2022,1,2022-01-01,273722,0.2917,hdx_knbs
007,Meru,2022,2,2022-02-01,273722,0.2917,hdx_knbs
007,Meru,2022,3,2022-03-01,273722,0.2917,hdx_knbs
007,Meru,2022,4,2022-04-01,273722,0.2917,hdx_knbs
007,Meru,2022,5,2022-05-01,273722,0.2917,hdx_knbs
007,Meru,2022,6,2022-06-01,273722,0.2917,hdx_knbs
007,Meru,2022,7,2022-07-01,273722,0.2917,hdx_knbs
007,Meru,2022,8,2022-08-01,273722,0.2917,hdx_knbs
007,Meru,2022,9,2022-09-01,273722,0.2917,hdx_knbs
007,Meru,2022,10,2022-10-01,273722,0.2917,hdx_knbs
007,Meru,2022,11,2022-11-01,273722,0.2917,hdx_knbs
007,Meru,2022,12,2022-12-01,273722,0.2917,hdx_knbs
008,Tharaka-Nithi,2019,1,2019-01-01,335299,0.2564,hdx_knbs
008,Tharaka-Nithi,2019,2,2019-02-01,335299,0.2564,hdx_knbs
008,Tharaka-Nithi,2019,3,2019-03-01,335299,0.2564,hdx_knbs
008,Tharaka-Nithi,2019,4,2019-04-01,335299,0.2564,hdx_knbs
008,Tharaka-Nithi,2019,5,2019-05-01,335299,0.2564,hdx_knbs
008,Tharaka-Nithi,2019,6,2019-06-01,335299,0.2564,hdx_knbs
008,Tharaka-Nithi,2019,7,2019-07-01,335299,0.2564,hdx_knbs
008,Tharaka-Nithi,2019,8,2019-08-01,335299,0.2564,hdx_knbs
008,Tharaka-Nithi,2019,9,2019-09-01,335299,0.2564,hdx_knbs
008,Tharaka-Nithi,2019,10,2019-10-01,335299,0.2564,hdx_knbs
008,Tharaka-Nithi,2019,11,2019-11-01,335299,0.2564,hdx_knbs
008,Tharaka-Nithi,2019,12,2019-12-01,335299,0.2564,hdx_knbs
008,Tharaka-Nithi,2020,1,2020-01-01,335299,0.2564,hdx_knbs
008,Tharaka-Nithi,2020,2,2020-02-01,335299,0.2564,hdx_knbs
008,Tharaka-Nithi,2020,3,2020-03-01,335299,0.2564,hdx_knbs
008,Tharaka-Nithi,2020,4,2020-04-01,335299,0.2564,hdx_knbs
008,Tharaka-Nithi,2020,5,2020-05-01,335299,0.2564,hdx_knbs
008,Tharaka-Nithi,2020,6,2020-06-01,335299,0.2564,hdx_knbs
008,Tharaka-Nithi,2020,7,2020-07-01,335299,0.2564,hdx_knbs
008,Tharaka-Nithi,2020,8,2020-08-01,335299,0.2564,hdx_knbs
008,Tharaka-Nithi,2020,9,2020-09-01,335299,0.2564,hdx_knbs
008,Tharaka-Nithi,2020,10,2020-10-01,335299,0.2564,hdx_knbs
008,Tharaka-Nithi,2020,11,2020-11-01,335299,0.2564,hdx_knbs
008,Tharaka-Nithi,2020,12,2020-12-01,335299,0.2564,hdx_knbs
008,Tharaka-Nithi,2021,1,2021-01-01,335299,0.2564,hdx_knbs
008,Tharaka-Nithi,2021,2,2021-02-01,335299,0.2564,hdx_knbs
008,Tharaka-Nithi,2021,3,2021-03-01,335299,0.2564,hdx_knbs
008,Tharaka-Nithi,2021,4,2021-04-01,335299,0.2564,hdx_knbs
008,Tharaka-Nithi,2021,5,2021-05-01,335299,0.2564,hdx_knbs
008,Tharaka-Nithi,2021,6,2021-06-01,335299,0.2564,hdx_knbs
008,Tharaka-Nithi,2021,7,2021-07-01,335299,0.2564,hdx_knbs
008,Tharaka-Nithi,2021,8,2021-08-01,335299,0.2564,hdx_knbs
008,Tharaka-Nithi,2021,9,2021-09-01,335299,0.2564,hdx_knbs
008,Tharaka-Nithi,2021,10,2021-10-01,335299,0.2564,hdx_knbs
008,Tharaka-Nithi,2021,11,2021-11-01,335299,0.2564,hdx_knbs
008,Tharaka-Nithi,2021,12,2021-12-01,335299,0.2564,hdx_knbs
008,Tharaka-Nithi,2022,1,2022-01-01,335299,0.2564,hdx_knbs
008,Tharaka-Nithi,2022,2,2022-02-01,335299,0.2564,hdx_knbs
008,Tharaka-Nithi,2022,3,2022-03-01,335299,0.2564,hdx_knbs
008,Tharaka-Nithi,2022,4,2022-04-01,335299,0.2564,hdx_knbs
008,Tharaka-Nithi,2022,5,2022-05-01,335299,0.2564,hdx_knbs
008,Tharaka-Nithi,2022,6,2022-06-01,335299,0.2564,hdx_knbs
008,Tharaka-Nithi,2022,7,2022-07-01,335299,0.2564,hdx_knbs
008,Tharaka-Nithi,2022,8,2022-08-01,335299,0.2564,hdx_knbs
008,Tharaka-Nithi,2022,9,2022-09-01,335299,0.2564,hdx_knbs
008,Tharaka-Nithi,2022,10,2022-10-01,335299,0.2564,hdx_knbs
008,Tharaka-Nithi,2022,11,2022-11-01,335299,0.2564,hdx_knbs
008,Tharaka-Nithi,2022,12,2022-12-01,335299,0.2564,hdx_knbs
009,Embu,2019,1,2019-01-01,187521,0.1873,hdx_knbs
009,Embu,2019,2,2019-02-01,187521,0.1873,hdx_knbs
009,Embu,2019,3,2019-03-01,187521,0.1873,hdx_knbs
009,Embu,2019,4,2019-04-01,187521,0.1873,hdx_knbs
009,Embu,2019,5,2019-05-01,187521,0.1873,hdx_knbs
009,Embu,2019,6,2019-06-01,187521,0.1873,hdx_knbs
009,Embu,2019,7,2019-07-01,187521,0.1873,hdx_knbs
009,Embu,2019,8,2019-08-01,187521,0.1873,hdx_knbs
009,Embu,2019,9,2019-09-01,187521,0.1873,hdx_knbs
009,Embu,2019,10,2019-10-01,187521,0.1873,hdx_knbs
009,Embu,2019,11,2019-11-01,187521,0.1873,hdx_knbs
009,Embu,2019,12,2019-12-01,187521,0.1873,hdx_knbs
009,Embu,2020,1,2020-01-01,187521,0.1873,hdx_knbs
009,Embu,2020,2,2020-02-01,187521,0.1873,hdx_knbs
009,Embu,2020,3,2020-03-01,187521,0.1873,hdx_knbs
009,Embu,2020,4,2020-04-01,187521,0.1873,hdx_knbs
009,Embu,2020,5,2020-05-01,187521,0.1873,hdx_knbs
009,Embu,2020,6,2020-06-01,187521,0.1873,hdx_knbs
009,Embu,2020,7,2020-07-01,187521,0.1873,hdx_knbs
009,Embu,2020,8,2020-08-01,187521,0.1873,hdx_knbs
009,Embu,2020,9,2020-09-01,187521,0.1873,hdx_knbs
009,Embu,2020,10,2020-10-01,187521,0.1873,hdx_knbs
009,Embu,2020,11,2020-11-01,187521,0.1873,hdx_knbs
009,Embu,2020,12,2020-12-01,187521,0.1873,hdx_knbs
009,Embu,2021,1,2021-01-01,187521,0.1873,hdx_knbs
009,Embu,2021,2,2021-02-01,187521,0.1873,hdx_knbs
009,Embu,2021,3,2021-03-01,187521,0.1873,hdx_knbs
009,Embu,2021,4,2021-04-01,187521,0.1873,hdx_knbs
009,Embu,2021,5,2021-05-01,187521,0.1873,hdx_knbs
009,Embu,2021,6,2021-06-01,187521,0.1873,hdx_knbs
009,Embu,2021,7,2021-07-01,187521,0.1873,hdx_knbs
009,Embu,2021,8,2021-08-01,187521,0.1873,hdx_knbs
009,Embu,2021,9,2021-09-01,187521,0.1873,hdx_knbs
009,Embu,2021,10,2021-10-01,187521,0.1873,hdx_knbs
009,Embu,2021,11,2021-11-01,187521,0.1873,hdx_knbs
009,Embu,2021,12,2021-12-01,187521,0.1873,hdx_knbs
009,Embu,2022,1,2022-01-01,187521,0.1873,hdx_knbs
009,Embu,2022,2,2022-02-01,187521,0.1873,hdx_knbs
009,Embu,2022,3,2022-03-01,187521,0.1873,hdx_knbs
009,Embu,2022,4,2022-04-01,187521,0.1873,hdx_knbs
009,Embu,2022,5,2022-05-01,187521,0.1873,hdx_knbs
009,Embu,2022,6,2022-06-01,187521,0.1873,hdx_knbs
009,Embu,2022,7,2022-07-01,187521,0.1873,hdx_knbs
009,Embu,2022,8,2022-08-01,187521,0.1873,hdx_knbs
009,Embu,2022,9,2022-09-01,187521,0.1873,hdx_knbs
009,Embu,2022,10,2022-10-01,187521,0.1873,hdx_knbs
009,Embu,2022,11,2022-11-01,187521,0.1873,hdx_knbs
009,Embu,2022,12,2022-12-01,187521,0.1873,hdx_knbs
010,Kitui,2019,1,2019-01-01,383256,0.3708,hdx_knbs
010,Kitui,2019,2,2019-02-01,383256,0.3708,hdx_knbs
010,Kitui,2019,3,2019-03-01,383256,0.3708,hdx_knbs
010,Kitui,2019,4,2019-04-01,383256,0.3708,hdx_knbs
010,Kitui,2019,5,2019-05-01,383256,0.3708,hdx_knbs
010,Kitui,2019,6,2019-06-01,383256,0.3708,hdx_knbs
010,Kitui,2019,7,2019-07-01,383256,0.3708,hdx_knbs
010,Kitui,2019,8,2019-08-01,383256,0.3708,hdx_knbs
010,Kitui,2019,9,2019-09-01,383256,0.3708,hdx_knbs
010,Kitui,2019,10,2019-10-01,383256,0.3708,hdx_knbs
010,Kitui,2019,11,2019-11-01,383256,0.3708,hdx_knbs
010,Kitui,2019,12,2019-12-01,383256,0.3708,hdx_knbs
010,Kitui,2020,1,2020-01-01,383256,0.3708,hdx_knbs
010,Kitui,2020,2,2020-02-01,383256,0.3708,hdx_knbs
010,Kitui,2020,3,2020-03-01,383256,0.3708,hdx_knbs
010,Kitui,2020,4,2020-04-01,383256,0.3708,hdx_knbs
010,Kitui,2020,5,2020-05-01,383256,0.3708,hdx_knbs
010,Kitui,2020,6,2020-06-01,383256,0.3708,hdx_knbs
010,Kitui,2020,7,2020-07-01,383256,0.3708,hdx_knbs
010,Kitui,2020,8,2020-08-01,383256,0.3708,hdx_knbs
010,Kitui,2020,9,2020-09-01,383256,0.3708,hdx_knbs
010,Kitui,2020,10,2020-10-01,383256,0.3708,hdx_knbs
010,Kitui,2020,11,2020-11-01,383256,0.3708,hdx_knbs
010,Kitui,2020,12,2020-12-01,383256,0.3708,hdx_knbs
010,Kitui,2021,1,2021-01-01,383256,0.3708,hdx_knbs
010,Kitui,2021,2,2021-02-01,383256,0.3708,hdx_knbs
010,Kitui,2021,3,2021-03-01,383256,0.3708,hdx_knbs
010,Kitui,2021,4,2021-04-01,383256,0.3708,hdx_knbs
010,Kitui,2021,5,2021-05-01,383256,0.3708,hdx_knbs
010,Kitui,2021,6,2021-06-01,383256,0.3708,hdx_knbs
010,Kitui,2021,7,2021-07-01,383256,0.3708,hdx_knbs
010,Kitui,2021,8,2021-08-01,383256,0.3708,hdx_knbs
010,Kitui,2021,9,2021-09-01,383256,0.3708,hdx_knbs
010,Kitui,2021,10,2021-10-01,383256,0.3708,hdx_knbs
010,Kitui,2021,11,2021-11-01,383256,0.3708,hdx_knbs
010,Kitui,2021,12,2021-12-01,383256,0.3708,hdx_knbs
010,Kitui,2022,1,2022-01-01,383256,0.3708,hdx_knbs
010,Kitui,2022,2,2022-02-01,383256,0.3708,hdx_knbs
010,Kitui,2022,3,2022-03-01,383256,0.3708,hdx_knbs
010,Kitui,2022,4,2022-04-01,383256,0.3708,hdx_knbs
010,Kitui,2022,5,2022-05-01,383256,0.3708,hdx_knbs
010,Kitui,2022,6,2022-06-01,383256,0.3708,hdx_knbs
010,Kitui,2022,7,2022-07-01,383256,0.3708,hdx_knbs
010,Kitui,2022,8,2022-08-01,383256,0.3708,hdx_knbs
010,Kitui,2022,9,2022-09-01,383256,0.3708,hdx_knbs
010,Kitui,2022,10,2022-10-01,383256,0.3708,hdx_knbs
010,Kitui,2022,11,2022-11-01,383256,0.3708,hdx_knbs
010,Kitui,2022,12,2022-12-01,383256,0.3708,hdx_knbs
011,Machakos,2019,1,2019-01-01,206891,0.1879,hdx_knbs
011,Machakos,2019,2,2019-02-01,206891,0.1879,hdx_knbs
011,Machakos,2019,3,2019-03-01,206891,0.1879,hdx_knbs
011,Machakos,2019,4,2019-04-01,206891,0.1879,hdx_knbs
011,Machakos,2019,5,2019-05-01,206891,0.1879,hdx_knbs
011,Machakos,2019,6,2019-06-01,206891,0.1879,hdx_knbs
011,Machakos,2019,7,2019-07-01,206891,0.1879,hdx_knbs
011,Machakos,2019,8,2019-08-01,206891,0.1879,hdx_knbs
011,Machakos,2019,9,2019-09-01,206891,0.1879,hdx_knbs
011,Machakos,2019,10,2019-10-01,206891,0.1879,hdx_knbs
011,Machakos,2019,11,2019-11-01,206891,0.1879,hdx_knbs
011,Machakos,2019,12,2019-12-01,206891,0.1879,hdx_knbs
011,Machakos,2020,1,2020-01-01,206891,0.1879,hdx_knbs
011,Machakos,2020,2,2020-02-01,206891,0.1879,hdx_knbs
011,Machakos,2020,3,2020-03-01,206891,0.1879,hdx_knbs
011,Machakos,2020,4,2020-04-01,206891,0.1879,hdx_knbs
011,Machakos,2020,5,2020-05-01,206891,0.1879,hdx_knbs
011,Machakos,2020,6,2020-06-01,206891,0.1879,hdx_knbs
011,Machakos,2020,7,2020-07-01,206891,0.1879,hdx_knbs
011,Machakos,2020,8,2020-08-01,206891,0.1879,hdx_knbs
011,Machakos,2020,9,2020-09-01,206891,0.1879,hdx_knbs
011,Machakos,2020,10,2020-10-01,206891,0.1879,hdx_knbs
011,Machakos,2020,11,2020-11-01,206891,0.1879,hdx_knbs
011,Machakos,2020,12,2020-12-01,206891,0.1879,hdx_knbs
011,Machakos,2021,1,2021-01-01,206891,0.1879,hdx_knbs
011,Machakos,2021,2,2021-02-01,206891,0.1879,hdx_knbs
011,Machakos,2021,3,2021-03-01,206891,0.1879,hdx_knbs
011,Machakos,2021,4,2021-04-01,206891,0.1879,hdx_knbs
011,Machakos,2021,5,2021-05-01,206891,0.1879,hdx_knbs
011,Machakos,2021,6,2021-06-01,206891,0.1879,hdx_knbs
011,Machakos,2021,7,2021-07-01,206891,0.1879,hdx_knbs
011,Machakos,2021,8,2021-08-01,206891,0.1879,hdx_knbs
011,Machakos,2021,9,2021-09-01,206891,0.1879,hdx_knbs
011,Machakos,2021,10,2021-10-01,206891,0.1879,hdx_knbs
011,Machakos,2021,11,2021-11-01,206891,0.1879,hdx_knbs
011,Machakos,2021,12,2021-12-01,206891,0.1879,hdx_knbs
011,Machakos,2022,1,2022-01-01,206891,0.1879,hdx_knbs
011,Machakos,2022,2,2022-02-01,206891,0.1879,hdx_knbs
011,Machakos,2022,3,2022-03-01,206891,0.1879,hdx_knbs
011,Machakos,2022,4,2022-04-01,206891,0.1879,hdx_knbs
011,Machakos,2022,5,2022-05-01,206891,0.1879,hdx_knbs
011,Machakos,2022,6,2022-06-01,206891,0.1879,hdx_knbs
011,Machakos,2022,7,2022-07-01,206891,0.1879,hdx_knbs
011,Machakos,2022,8,2022-08-01,206891,0.1879,hdx_knbs
011,Machakos,2022,9,2022-09-01,206891,0.1879,hdx_knbs
011,Machakos,2022,10,2022-10-01,206891,0.1879,hdx_knbs
011,Machakos,2022,11,2022-11-01,206891,0.1879,hdx_knbs
011,Machakos,2022,12,2022-12-01,206891,0.1879,hdx_knbs
012,Makueni,2019,1,2019-01-01,370672,0.2557,hdx_knbs
012,Makueni,2019,2,2019-02-01,370672,0.2557,hdx_knbs
012,Makueni,2019,3,2019-03-01,370672,0.2557,hdx_knbs
012,Makueni,2019,4,2019-04-01,370672,0.2557,hdx_knbs
012,Makueni,2019,5,2019-05-01,370672,0.2557,hdx_knbs
012,Makueni,2019,6,2019-06-01,370672,0.2557,hdx_knbs
012,Makueni,2019,7,2019-07-01,370672,0.2557,hdx_knbs
012,Makueni,2019,8,2019-08-01,370672,0.2557,hdx_knbs
012,Makueni,2019,9,2019-09-01,370672,0.2557,hdx_knbs
012,Makueni,2019,10,2019-10-01,370672,0.2557,hdx_knbs
012,Makueni,2019,11,2019-11-01,370672,0.2557,hdx_knbs
012,Makueni,2019,12,2019-12-01,370672,0.2557,hdx_knbs
012,Makueni,2020,1,2020-01-01,370672,0.2557,hdx_knbs
012,Makueni,2020,2,2020-02-01,370672,0.2557,hdx_knbs
012,Makueni,2020,3,2020-03-01,370672,0.2557,hdx_knbs
012,Makueni,2020,4,2020-04-01,370672,0.2557,hdx_knbs
012,Makueni,2020,5,2020-05-01,370672,0.2557,hdx_knbs
012,Makueni,2020,6,2020-06-01,370672,0.2557,hdx_knbs
012,Makueni,2020,7,2020-07-01,370672,0.2557,hdx_knbs
012,Makueni,2020,8,2020-08-01,370672,0.2557,hdx_knbs
012,Makueni,2020,9,2020-09-01,370672,0.2557,hdx_knbs
012,Makueni,2020,10,2020-10-01,370672,0.2557,hdx_knbs
012,Makueni,2020,11,2020-11-01,370672,0.2557,hdx_knbs
012,Makueni,2020,12,2020-12-01,370672,0.2557,hdx_knbs
012,Makueni,2021,1,2021-01-01,370672,0.2557,hdx_knbs
012,Makueni,2021,2,2021-02-01,370672,0.2557,hdx_knbs
012,Makueni,2021,3,2021-03-01,370672,0.2557,hdx_knbs
012,Makueni,2021,4,2021-04-01,370672,0.2557,hdx_knbs
012,Makueni,2021,5,2021-05-01,370672,0.2557,hdx_knbs
012,Makueni,2021,6,2021-06-01,370672,0.2557,hdx_knbs
012,Makueni,2021,7,2021-07-01,370672,0.2557,hdx_knbs
012,Makueni,2021,8,2021-08-01,370672,0.2557,hdx_knbs
012,Makueni,2021,9,2021-09-01,370672,0.2557,hdx_knbs
012,Makueni,2021,10,2021-10-01,370672,0.2557,hdx_knbs
012,Makueni,2021,11,2021-11-01,370672,0.2557,hdx_knbs
012,Makueni,2021,12,2021-12-01,370672,0.2557,hdx_knbs
012,Makueni,2022,1,2022-01-01,370672,0.2557,hdx_knbs
012,Makueni,2022,2,2022-02-01,370672,0.2557,hdx_knbs
012,Makueni,2022,3,2022-03-01,370672,0.2557,hdx_knbs
012,Makueni,2022,4,2022-04-01,370672,0.2557,hdx_knbs
012,Makueni,2022,5,2022-05-01,370672,0.2557,hdx_knbs
012,Makueni,2022,6,2022-06-01,370672,0.2557,hdx_knbs
012,Makueni,2022,7,2022-07-01,370672,0.2557,hdx_knbs
012,Makueni,2022,8,2022-08-01,370672,0.2557,hdx_knbs
012,Makueni,2022,9,2022-09-01,370672,0.2557,hdx_knbs
012,Makueni,2022,10,2022-10-01,370672,0.2557,hdx_knbs
012,Makueni,2022,11,2022-11-01,370672,0.2557,hdx_knbs
012,Makueni,2022,12,2022-12-01,370672,0.2557,hdx_knbs
013,Wajir,2019,1,2019-01-01,229108,0.7311,hdx_knbs
013,Wajir,2019,2,2019-02-01,229108,0.7311,hdx_knbs
013,Wajir,2019,3,2019-03-01,229108,0.7311,hdx_knbs
013,Wajir,2019,4,2019-04-01,229108,0.7311,hdx_knbs
013,Wajir,2019,5,2019-05-01,229108,0.7311,hdx_knbs
013,Wajir,2019,6,2019-06-01,229108,0.7311,hdx_knbs
013,Wajir,2019,7,2019-07-01,229108,0.7311,hdx_knbs
013,Wajir,2019,8,2019-08-01,229108,0.7311,hdx_knbs
013,Wajir,2019,9,2019-09-01,229108,0.7311,hdx_knbs
013,Wajir,2019,10,2019-10-01,229108,0.7311,hdx_knbs
013,Wajir,2019,11,2019-11-01,229108,0.7311,hdx_knbs
013,Wajir,2019,12,2019-12-01,229108,0.7311,hdx_knbs
013,Wajir,2020,1,2020-01-01,229108,0.7311,hdx_knbs
013,Wajir,2020,2,2020-02-01,229108,0.7311,hdx_knbs
013,Wajir,2020,3,2020-03-01,229108,0.7311,hdx_knbs
013,Wajir,2020,4,2020-04-01,229108,0.7311,hdx_knbs
013,Wajir,2020,5,2020-05-01,229108,0.7311,hdx_knbs
013,Wajir,2020,6,2020-06-01,229108,0.7311,hdx_knbs
013,Wajir,2020,7,2020-07-01,229108,0.7311,hdx_knbs
013,Wajir,2020,8,2020-08-01,229108,0.7311,hdx_knbs
013,Wajir,2020,9,2020-09-01,229108,0.7311,hdx_knbs
013,Wajir,2020,10,2020-10-01,229108,0.7311,hdx_knbs
013,Wajir,2020,11,2020-11-01,229108,0.7311,hdx_knbs
013,Wajir,2020,12,2020-12-01,229108,0.7311,hdx_knbs
013,Wajir,2021,1,2021-01-01,229108,0.7311,hdx_knbs
013,Wajir,2021,2,2021-02-01,229108,0.7311,hdx_knbs
013,Wajir,2021,3,2021-03-01,229108,0.7311,hdx_knbs
013,Wajir,2021,4,2021-04-01,229108,0.7311,hdx_knbs
013,Wajir,2021,5,2021-05-01,229108,0.7311,hdx_knbs
013,Wajir,2021,6,2021-06-01,229108,0.7311,hdx_knbs
013,Wajir,2021,7,2021-07-01,229108,0.7311,hdx_knbs
013,Wajir,2021,8,2021-08-01,229108,0.7311,hdx_knbs
013,Wajir,2021,9,2021-09-01,229108,0.7311,hdx_knbs
013,Wajir,2021,10,2021-10-01,229108,0.7311,hdx_knbs
013,Wajir,2021,11,2021-11-01,229108,0.7311,hdx_knbs
013,Wajir,2021,12,2021-12-01,229108,0.7311,hdx_knbs
013,Wajir,2022,1,2022-01-01,229108,0.7311,hdx_knbs
013,Wajir,2022,2,2022-02-01,229108,0.7311,hdx_knbs
013,Wajir,2022,3,2022-03-01,229108,0.7311,hdx_knbs
013,Wajir,2022,4,2022-04-01,229108,0.7311,hdx_knbs
013,Wajir,2022,5,2022-05-01,229108,0.7311,hdx_knbs
013,Wajir,2022,6,2022-06-01,229108,0.7311,hdx_knbs
013,Wajir,2022,7,2022-07-01,229108,0.7311,hdx_knbs
013,Wajir,2022,8,2022-08-01,229108,0.7311,hdx_knbs
013,Wajir,2022,9,2022-09-01,229108,0.7311,hdx_knbs
013,Wajir,2022,10,2022-10-01,229108,0.7311,hdx_knbs
013,Wajir,2022,11,2022-11-01,229108,0.7311,hdx_knbs
013,Wajir,2022,12,2022-12-01,229108,0.7311,hdx_knbs
014,Mandera,2019,1,2019-01-01,308319,0.8134,hdx_knbs
014,Mandera,2019,2,2019-02-01,308319,0.8134,hdx_knbs
014,Mandera,2019,3,2019-03-01,308319,0.8134,hdx_knbs
014,Mandera,2019,4,2019-04-01,308319,0.8134,hdx_knbs
014,Mandera,2019,5,2019-05-01,308319,0.8134,hdx_knbs
014,Mandera,2019,6,2019-06-01,308319,0.8134,hdx_knbs
014,Mandera,2019,7,2019-07-01,308319,0.8134,hdx_knbs
014,Mandera,2019,8,2019-08-01,308319,0.8134,hdx_knbs
014,Mandera,2019,9,2019-09-01,308319,0.8134,hdx_knbs
014,Mandera,2019,10,2019-10-01,308319,0.8134,hdx_knbs
014,Mandera,2019,11,2019-11-01,308319,0.8134,hdx_knbs
014,Mandera,2019,12,2019-12-01,308319,0.8134,hdx_knbs
014,Mandera,2020,1,2020-01-01,308319,0.8134,hdx_knbs
014,Mandera,2020,2,2020-02-01,308319,0.8134,hdx_knbs
014,Mandera,2020,3,2020-03-01,308319,0.8134,hdx_knbs
014,Mandera,2020,4,2020-04-01,308319,0.8134,hdx_knbs
014,Mandera,2020,5,2020-05-01,308319,0.8134,hdx_knbs
014,Mandera,2020,6,2020-06-01,308319,0.8134,hdx_knbs
014,Mandera,2020,7,2020-07-01,308319,0.8134,hdx_knbs
014,Mandera,2020,8,2020-08-01,308319,0.8134,hdx_knbs
014,Mandera,2020,9,2020-09-01,308319,0.8134,hdx_knbs
014,Mandera,2020,10,2020-10-01,308319,0.8134,hdx_knbs
014,Mandera,2020,11,2020-11-01,308319,0.8134,hdx_knbs
014,Mandera,2020,12,2020-12-01,308319,0.8134,hdx_knbs
014,Mandera,2021,1,2021-01-01,308319,0.8134,hdx_knbs
014,Mandera,2021,2,2021-02-01,308319,0.8134,hdx_knbs
014,Mandera,2021,3,2021-03-01,308319,0.8134,hdx_knbs
014,Mandera,2021,4,2021-04-01,308319,0.8134,hdx_knbs
014,Mandera,2021,5,2021-05-01,308319,0.8134,hdx_knbs
014,Mandera,2021,6,2021-06-01,308319,0.8134,hdx_knbs
014,Mandera,2021,7,2021-07-01,308319,0.8134,hdx_knbs
014,Mandera,2021,8,2021-08-01,308319,0.8134,hdx_knbs
014,Mandera,2021,9,2021-09-01,308319,0.8134,hdx_knbs
014,Mandera,2021,10,2021-10-01,308319,0.8134,hdx_knbs
014,Mandera,2021,11,2021-11-01,308319,0.8134,hdx_knbs
014,Mandera,2021,12,2021-12-01,308319,0.8134,hdx_knbs
014,Mandera,2022,1,2022-01-01,308319,0.8134,hdx_knbs
014,Mandera,2022,2,2022-02-01,308319,0.8134,hdx_knbs
014,Mandera,2022,3,2022-03-01,308319,0.8134,hdx_knbs
014,Mandera,2022,4,2022-04-01,308319,0.8134,hdx_knbs
014,Mandera,2022,5,2022-05-01,308319,0.8134,hdx_knbs
014,Mandera,2022,6,2022-06-01,308319,0.8134,hdx_knbs
014,Mandera,2022,7,2022-07-01,308319,0.8134,hdx_knbs
014,Mandera,2022,8,2022-08-01,308319,0.8134,hdx_knbs
014,Mandera,2022,9,2022-09-01,308319,0.8134,hdx_knbs
014,Mandera,2022,10,2022-10-01,308319,0.8134,hdx_knbs
014,Mandera,2022,11,2022-11-01,308319,0.8134,hdx_knbs
014,Mandera,2022,12,2022-12-01,308319,0.8134,hdx_knbs
015,Marsabit,2019,1,2019-01-01,1180583,0.6356,hdx_knbs
015,Marsabit,2019,2,2019-02-01,1180583,0.6356,hdx_knbs
015,Marsabit,2019,3,2019-03-01,1180583,0.6356,hdx_knbs
015,Marsabit,2019,4,2019-04-01,1180583,0.6356,hdx_knbs
015,Marsabit,2019,5,2019-05-01,1180583,0.6356,hdx_knbs
015,Marsabit,2019,6,2019-06-01,1180583,0.6356,hdx_knbs
015,Marsabit,2019,7,2019-07-01,1180583,0.6356,hdx_knbs
015,Marsabit,2019,8,2019-08-01,1180583,0.6356,hdx_knbs
015,Marsabit,2019,9,2019-09-01,1180583,0.6356,hdx_knbs
015,Marsabit,2019,10,2019-10-01,1180583,0.6356,hdx_knbs
015,Marsabit,2019,11,2019-11-01,1180583,0.6356,hdx_knbs
015,Marsabit,2019,12,2019-12-01,1180583,0.6356,hdx_knbs
015,Marsabit,2020,1,2020-01-01,1180583,0.6356,hdx_knbs
015,Marsabit,2020,2,2020-02-01,1180583,0.6356,hdx_knbs
015,Marsabit,2020,3,2020-03-01,1180583,0.6356,hdx_knbs
015,Marsabit,2020,4,2020-04-01,1180583,0.6356,hdx_knbs
015,Marsabit,2020,5,2020-05-01,1180583,0.6356,hdx_knbs
015,Marsabit,2020,6,2020-06-01,1180583,0.6356,hdx_knbs
015,Marsabit,2020,7,2020-07-01,1180583,0.6356,hdx_knbs
015,Marsabit,2020,8,2020-08-01,1180583,0.6356,hdx_knbs
015,Marsabit,2020,9,2020-09-01,1180583,0.6356,hdx_knbs
015,Marsabit,2020,10,2020-10-01,1180583,0.6356,hdx_knbs
015,Marsabit,2020,11,2020-11-01,1180583,0.6356,hdx_knbs
015,Marsabit,2020,12,2020-12-01,1180583,0.6356,hdx_knbs
015,Marsabit,2021,1,2021-01-01,1180583,0.6356,hdx_knbs
015,Marsabit,2021,2,2021-02-01,1180583,0.6356,hdx_knbs
015,Marsabit,2021,3,2021-03-01,1180583,0.6356,hdx_knbs
015,Marsabit,2021,4,2021-04-01,1180583,0.6356,hdx_knbs
015,Marsabit,2021,5,2021-05-01,1180583,0.6356,hdx_knbs
015,Marsabit,2021,6,2021-06-01,1180583,0.6356,hdx_knbs
015,Marsabit,2021,7,2021-07-01,1180583,0.6356,hdx_knbs
015,Marsabit,2021,8,2021-08-01,1180583,0.6356,hdx_knbs
015,Marsabit,2021,9,2021-09-01,1180583,0.6356,hdx_knbs
015,Marsabit,2021,10,2021-10-01,1180583,0.6356,hdx_knbs
015,Marsabit,2021,11,2021-11-01,1180583,0.6356,hdx_knbs
015,Marsabit,2021,12,2021-12-01,1180583,0.6356,hdx_knbs
015,Marsabit,2022,1,2022-01-01,1180583,0.6356,hdx_knbs
015,Marsabit,2022,2,2022-02-01,1180583,0.6356,hdx_knbs
015,Marsabit,2022,3,2022-03-01,1180583,0.6356,hdx_knbs
015,Marsabit,2022,4,2022-04-01,1180583,0.6356,hdx_knbs
015,Marsabit,2022,5,2022-05-01,1180583,0.6356,hdx_knbs
015,Marsabit,2022,6,2022-06-01,1180583,0.6356,hdx_knbs
015,Marsabit,2022,7,2022-07-01,1180583,0.6356,hdx_knbs
015,Marsabit,2022,8,2022-08-01,1180583,0.6356,hdx_knbs
015,Marsabit,2022,9,2022-09-01,1180583,0.6356,hdx_knbs
015,Marsabit,2022,10,2022-10-01,1180583,0.6356,hdx_knbs
015,Marsabit,2022,11,2022-11-01,1180583,0.6356,hdx_knbs
015,Marsabit,2022,12,2022-12-01,1180583,0.6356,hdx_knbs
016,Garissa,2019,1,2019-01-01,974404,0.5525,hdx_knbs
016,Garissa,2019,2,2019-02-01,974404,0.5525,hdx_knbs
016,Garissa,2019,3,2019-03-01,974404,0.5525,hdx_knbs
016,Garissa,2019,4,2019-04-01,974404,0.5525,hdx_knbs
016,Garissa,2019,5,2019-05-01,974404,0.5525,hdx_knbs
016,Garissa,2019,6,2019-06-01,974404,0.5525,hdx_knbs
016,Garissa,2019,7,2019-07-01,974404,0.5525,hdx_knbs
016,Garissa,2019,8,2019-08-01,974404,0.5525,hdx_knbs
016,Garissa,2019,9,2019-09-01,974404,0.5525,hdx_knbs
016,Garissa,2019,10,2019-10-01,974404,0.5525,hdx_knbs
016,Garissa,2019,11,2019-11-01,974404,0.5525,hdx_knbs
016,Garissa,2019,12,2019-12-01,974404,0.5525,hdx_knbs
016,Garissa,2020,1,2020-01-01,974404,0.5525,hdx_knbs
016,Garissa,2020,2,2020-02-01,974404,0.5525,hdx_knbs
016,Garissa,2020,3,2020-03-01,974404,0.5525,hdx_knbs
016,Garissa,2020,4,2020-04-01,974404,0.5525,hdx_knbs
016,Garissa,2020,5,2020-05-01,974404,0.5525,hdx_knbs
016,Garissa,2020,6,2020-06-01,974404,0.5525,hdx_knbs
016,Garissa,2020,7,2020-07-01,974404,0.5525,hdx_knbs
016,Garissa,2020,8,2020-08-01,974404,0.5525,hdx_knbs
016,Garissa,2020,9,2020-09-01,974404,0.5525,hdx_knbs
016,Garissa,2020,10,2020-10-01,974404,0.5525,hdx_knbs
016,Garissa,2020,11,2020-11-01,974404,0.5525,hdx_knbs
016,Garissa,2020,12,2020-12-01,974404,0.5525,hdx_knbs
016,Garissa,2021,1,2021-01-01,974404,0.5525,hdx_knbs
016,Garissa,2021,2,2021-02-01,974404,0.5525,hdx_knbs
016,Garissa,2021,3,2021-03-01,974404,0.5525,hdx_knbs
016,Garissa,2021,4,2021-04-01,974404,0.5525,hdx_knbs
016,Garissa,2021,5,2021-05-01,974404,0.5525,hdx_knbs
016,Garissa,2021,6,2021-06-01,974404,0.5525,hdx_knbs
016,Garissa,2021,7,2021-07-01,974404,0.5525,hdx_knbs
016,Garissa,2021,8,2021-08-01,974404,0.5525,hdx_knbs
016,Garissa,2021,9,2021-09-01,974404,0.5525,hdx_knbs
016,Garissa,2021,10,2021-10-01,974404,0.5525,hdx_knbs
016,Garissa,2021,11,2021-11-01,974404,0.5525,hdx_knbs
016,Garissa,2021,12,2021-12-01,974404,0.5525,hdx_knbs
016,Garissa,2022,1,2022-01-01,974404,0.5525,hdx_knbs
016,Garissa,2022,2,2022-02-01,974404,0.5525,hdx_knbs
016,Garissa,2022,3,2022-03-01,974404,0.5525,hdx_knbs
016,Garissa,2022,4,2022-04-01,974404,0.5525,hdx_knbs
016,Garissa,2022,5,2022-05-01,974404,0.5525,hdx_knbs
016,Garissa,2022,6,2022-06-01,974404,0.5525,hdx_knbs
016,Garissa,2022,7,2022-07-01,974404,0.5525,hdx_knbs
016,Garissa,2022,8,2022-08-01,974404,0.5525,hdx_knbs
016,Garissa,2022,9,2022-09-01,974404,0.5525,hdx_knbs
016,Garissa,2022,10,2022-10-01,974404,0.5525,hdx_knbs
016,Garissa,2022,11,2022-11-01,974404,0.5525,hdx_knbs
016,Garissa,2022,12,2022-12-01,974404,0.5525,hdx_knbs
017,Taita Taveta,2019,1,2019-01-01,880597,0.1927,hdx_knbs
017,Taita Taveta,2019,2,2019-02-01,880597,0.1927,hdx_knbs
017,Taita Taveta,2019,3,2019-03-01,880597,0.1927,hdx_knbs
017,Taita Taveta,2019,4,2019-04-01,880597,0.1927,hdx_knbs
017,Taita Taveta,2019,5,2019-05-01,880597,0.1927,hdx_knbs
017,Taita Taveta,2019,6,2019-06-01,880597,0.1927,hdx_knbs
017,Taita Taveta,2019,7,2019-07-01,880597,0.1927,hdx_knbs
017,Taita Taveta,2019,8,2019-08-01,880597,0.1927,hdx_knbs
017,Taita Taveta,2019,9,2019-09-01,880597,0.1927,hdx_knbs
017,Taita Taveta,2019,10,2019-10-01,880597,0.1927,hdx_knbs
017,Taita Taveta,2019,11,2019-11-01,880597,0.1927,hdx_knbs
017,Taita Taveta,2019,12,2019-12-01,880597,0.1927,hdx_knbs
017,Taita Taveta,2020,1,2020-01-01,880597,0.1927,hdx_knbs
017,Taita Taveta,2020,2,2020-02-01,880597,0.1927,hdx_knbs
017,Taita Taveta,2020,3,2020-03-01,880597,0.1927,hdx_knbs
017,Taita Taveta,2020,4,2020-04-01,880597,0.1927,hdx_knbs
017,Taita Taveta,2020,5,2020-05-01,880597,0.1927,hdx_knbs
017,Taita Taveta,2020,6,2020-06-01,880597,0.1927,hdx_knbs
017,Taita Taveta,2020,7,2020-07-01,880597,0.1927,hdx_knbs
017,Taita Taveta,2020,8,2020-08-01,880597,0.1927,hdx_knbs
017,Taita Taveta,2020,9,2020-09-01,880597,0.1927,hdx_knbs
017,Taita Taveta,2020,10,2020-10-01,880597,0.1927,hdx_knbs
017,Taita Taveta,2020,11,2020-11-01,880597,0.1927,hdx_knbs
017,Taita Taveta,2020,12,2020-12-01,880597,0.1927,hdx_knbs
017,Taita Taveta,2021,1,2021-01-01,880597,0.1927,hdx_knbs
017,Taita Taveta,2021,2,2021-02-01,880597,0.1927,hdx_knbs
017,Taita Taveta,2021,3,2021-03-01,880597,0.1927,hdx_knbs
017,Taita Taveta,2021,4,2021-04-01,880597,0.1927,hdx_knbs
017,Taita Taveta,2021,5,2021-05-01,880597,0.1927,hdx_knbs
017,Taita Taveta,2021,6,2021-06-01,880597,0.1927,hdx_knbs
017,Taita Taveta,2021,7,2021-07-01,880597,0.1927,hdx_knbs
017,Taita Taveta,2021,8,2021-08-01,880597,0.1927,hdx_knbs
017,Taita Taveta,2021,9,2021-09-01,880597,0.1927,hdx_knbs
017,Taita Taveta,2021,10,2021-10-01,880597,0.1927,hdx_knbs
017,Taita Taveta,2021,11,2021-11-01,880597,0.1927,hdx_knbs
017,Taita Taveta,2021,12,2021-12-01,880597,0.1927,hdx_knbs
017,Taita Taveta,2022,1,2022-01-01,880597,0.1927,hdx_knbs
017,Taita Taveta,2022,2,2022-02-01,880597,0.1927,hdx_knbs
017,Taita Taveta,2022,3,2022-03-01,880597,0.1927,hdx_knbs
017,Taita Taveta,2022,4,2022-04-01,880597,0.1927,hdx_knbs
017,Taita Taveta,2022,5,2022-05-01,880597,0.1927,hdx_knbs
017,Taita Taveta,2022,6,2022-06-01,880597,0.1927,hdx_knbs
017,Taita Taveta,2022,7,2022-07-01,880597,0.1927,hdx_knbs
017,Taita Taveta,2022,8,2022-08-01,880597,0.1927,hdx_knbs
017,Taita Taveta,2022,9,2022-09-01,880597,0.1927,hdx_knbs
017,Taita Taveta,2022,10,2022-10-01,880597,0.1927,hdx_knbs
017,Taita Taveta,2022,11,2022-11-01,880597,0.1927,hdx_knbs
017,Taita Taveta,2022,12,2022-12-01,880597,0.1927,hdx_knbs
018,Nakuru,2019,1,2019-01-01,423511,0.1773,hdx_knbs
018,Nakuru,2019,2,2019-02-01,423511,0.1773,hdx_knbs
018,Nakuru,2019,3,2019-03-01,423511,0.1773,hdx_knbs
018,Nakuru,2019,4,2019-04-01,423511,0.1773,hdx_knbs
018,Nakuru,2019,5,2019-05-01,423511,0.1773,hdx_knbs
018,Nakuru,2019,6,2019-06-01,423511,0.1773,hdx_knbs
018,Nakuru,2019,7,2019-07-01,423511,0.1773,hdx_knbs
018,Nakuru,2019,8,2019-08-01,423511,0.1773,hdx_knbs
018,Nakuru,2019,9,2019-09-01,423511,0.1773,hdx_knbs
018,Nakuru,2019,10,2019-10-01,423511,0.1773,hdx_knbs
018,Nakuru,2019,11,2019-11-01,423511,0.1773,hdx_knbs
018,Nakuru,2019,12,2019-12-01,423511,0.1773,hdx_knbs
018,Nakuru,2020,1,2020-01-01,423511,0.1773,hdx_knbs
018,Nakuru,2020,2,2020-02-01,423511,0.1773,hdx_knbs
018,Nakuru,2020,3,2020-03-01,423511,0.1773,hdx_knbs
018,Nakuru,2020,4,2020-04-01,423511,0.1773,hdx_knbs
018,Nakuru,2020,5,2020-05-01,423511,0.1773,hdx_knbs
018,Nakuru,2020,6,2020-06-01,423511,0.1773,hdx_knbs
018,Nakuru,2020,7,2020-07-01,423511,0.1773,hdx_knbs
018,Nakuru,2020,8,2020-08-01,423511,0.1773,hdx_knbs
018,Nakuru,2020,9,2020-09-01,423511,0.1773,hdx_knbs
018,Nakuru,2020,10,2020-10-01,423511,0.1773,hdx_knbs
018,Nakuru,2020,11,2020-11-01,423511,0.1773,hdx_knbs
018,Nakuru,2020,12,2020-12-01,423511,0.1773,hdx_knbs
018,Nakuru,2021,1,2021-01-01,423511,0.1773,hdx_knbs
018,Nakuru,2021,2,2021-02-01,423511,0.1773,hdx_knbs
018,Nakuru,2021,3,2021-03-01,423511,0.1773,hdx_knbs
018,Nakuru,2021,4,2021-04-01,423511,0.1773,hdx_knbs
018,Nakuru,2021,5,2021-05-01,423511,0.1773,hdx_knbs
018,Nakuru,2021,6,2021-06-01,423511,0.1773,hdx_knbs
018,Nakuru,2021,7,2021-07-01,423511,0.1773,hdx_knbs
018,Nakuru,2021,8,2021-08-01,423511,0.1773,hdx_knbs
018,Nakuru,2021,9,2021-09-01,423511,0.1773,hdx_knbs
018,Nakuru,2021,10,2021-10-01,423511,0.1773,hdx_knbs
018,Nakuru,2021,11,2021-11-01,423511,0.1773,hdx_knbs
018,Nakuru,2021,12,2021-12-01,423511,0.1773,hdx_knbs
018,Nakuru,2022,1,2022-01-01,423511,0.1773,hdx_knbs
018,Nakuru,2022,2,2022-02-01,423511,0.1773,hdx_knbs
018,Nakuru,2022,3,2022-03-01,423511,0.1773,hdx_knbs
018,Nakuru,2022,4,2022-04-01,423511,0.1773,hdx_knbs
018,Nakuru,2022,5,2022-05-01,423511,0.1773,hdx_knbs
018,Nakuru,2022,6,2022-06-01,423511,0.1773,hdx_knbs
018,Nakuru,2022,7,2022-07-01,423511,0.1773,hdx_knbs
018,Nakuru,2022,8,2022-08-01,423511,0.1773,hdx_knbs
018,Nakuru,2022,9,2022-09-01,423511,0.1773,hdx_knbs
018,Nakuru,2022,10,2022-10-01,423511,0.1773,hdx_knbs
018,Nakuru,2022,11,2022-11-01,423511,0.1773,hdx_knbs
018,Nakuru,2022,12,2022-12-01,423511,0.1773,hdx_knbs
019,Narok,2019,1,2019-01-01,204768,0.4334,hdx_knbs
019,Narok,2019,2,2019-02-01,204768,0.4334,hdx_knbs
019,Narok,2019,3,2019-03-01,204768,0.4334,hdx_knbs
019,Narok,2019,4,2019-04-01,204768,0.4334,hdx_knbs
019,Narok,2019,5,2019-05-01,204768,0.4334,hdx_knbs
019,Narok,2019,6,2019-06-01,204768,0.4334,hdx_knbs
019,Narok,2019,7,2019-07-01,204768,0.4334,hdx_knbs
019,Narok,2019,8,2019-08-01,204768,0.4334,hdx_knbs
019,Narok,2019,9,2019-09-01,204768,0.4334,hdx_knbs
019,Narok,2019,10,2019-10-01,204768,0.4334,hdx_knbs
019,Narok,2019,11,2019-11-01,204768,0.4334,hdx_knbs
019,Narok,2019,12,2019-12-01,204768,0.4334,hdx_knbs
019,Narok,2020,1,2020-01-01,204768,0.4334,hdx_knbs
019,Narok,2020,2,2020-02-01,204768,0.4334,hdx_knbs
019,Narok,2020,3,2020-03-01,204768,0.4334,hdx_knbs
019,Narok,2020,4,2020-04-01,204768,0.4334,hdx_knbs
019,Narok,2020,5,2020-05-01,204768,0.4334,hdx_knbs
019,Narok,2020,6,2020-06-01,204768,0.4334,hdx_knbs
019,Narok,2020,7,2020-07-01,204768,0.4334,hdx_knbs
019,Narok,2020,8,2020-08-01,204768,0.4334,hdx_knbs
019,Narok,2020,9,2020-09-01,204768,0.4334,hdx_knbs
019,Narok,2020,10,2020-10-01,204768,0.4334,hdx_knbs
019,Narok,2020,11,2020-11-01,204768,0.4334,hdx_knbs
019,Narok,2020,12,2020-12-01,204768,0.4334,hdx_knbs
019,Narok,2021,1,2021-01-01,204768,0.4334,hdx_knbs
019,Narok,2021,2,2021-02-01,204768,0.4334,hdx_knbs
019,Narok,2021,3,2021-03-01,204768,0.4334,hdx_knbs
019,Narok,2021,4,2021-04-01,204768,0.4334,hdx_knbs
019,Narok,2021,5,2021-05-01,204768,0.4334,hdx_knbs
019,Narok,2021,6,2021-06-01,204768,0.4334,hdx_knbs
019,Narok,2021,7,2021-07-01,204768,0.4334,hdx_knbs
019,Narok,2021,8,2021-08-01,204768,0.4334,hdx_knbs
019,Narok,2021,9,2021-09-01,204768,0.4334,hdx_knbs
019,Narok,2021,10,2021-10-01,204768,0.4334,hdx_knbs
019,Narok,2021,11,2021-11-01,204768,0.4334,hdx_knbs
019,Narok,2021,12,2021-12-01,204768,0.4334,hdx_knbs
019,Narok,2022,1,2022-01-01,204768,0.4334,hdx_knbs
019,Narok,2022,2,2022-02-01,204768,0.4334,hdx_knbs
019,Narok,2022,3,2022-03-01,204768,0.4334,hdx_knbs
019,Narok,2022,4,2022-04-01,204768,0.4334,hdx_knbs
019,Narok,2022,5,2022-05-01,204768,0.4334,hdx_knbs
019,Narok,2022,6,2022-06-01,204768,0.4334,hdx_knbs
019,Narok,2022,7,2022-07-01,204768,0.4334,hdx_knbs
019,Narok,2022,8,2022-08-01,204768,0.4334,hdx_knbs
019,Narok,2022,9,2022-09-01,204768,0.4334,hdx_knbs
019,Narok,2022,10,2022-10-01,204768,0.4334,hdx_knbs
019,Narok,2022,11,2022-11-01,204768,0.4334,hdx_knbs
019,Narok,2022,12,2022-12-01,204768,0.4334,hdx_knbs
020,Kajiado,2019,1,2019-01-01,124349,0.2251,hdx_knbs
020,Kajiado,2019,2,2019-02-01,124349,0.2251,hdx_knbs
020,Kajiado,2019,3,2019-03-01,124349,0.2251,hdx_knbs
020,Kajiado,2019,4,2019-04-01,124349,0.2251,hdx_knbs
020,Kajiado,2019,5,2019-05-01,124349,0.2251,hdx_knbs
020,Kajiado,2019,6,2019-06-01,124349,0.2251,hdx_knbs
020,Kajiado,2019,7,2019-07-01,124349,0.2251,hdx_knbs
020,Kajiado,2019,8,2019-08-01,124349,0.2251,hdx_knbs
020,Kajiado,2019,9,2019-09-01,124349,0.2251,hdx_knbs
020,Kajiado,2019,10,2019-10-01,124349,0.2251,hdx_knbs
020,Kajiado,2019,11,2019-11-01,124349,0.2251,hdx_knbs
020,Kajiado,2019,12,2019-12-01,124349,0.2251,hdx_knbs
020,Kajiado,2020,1,2020-01-01,124349,0.2251,hdx_knbs
020,Kajiado,2020,2,2020-02-01,124349,0.2251,hdx_knbs
020,Kajiado,2020,3,2020-03-01,124349,0.2251,hdx_knbs
020,Kajiado,2020,4,2020-04-01,124349,0.2251,hdx_knbs
020,Kajiado,2020,5,2020-05-01,124349,0.2251,hdx_knbs
020,Kajiado,2020,6,2020-06-01,124349,0.2251,hdx_knbs
020,Kajiado,2020,7,2020-07-01,124349,0.2251,hdx_knbs
020,Kajiado,2020,8,2020-08-01,124349,0.2251,hdx_knbs
020,Kajiado,2020,9,2020-09-01,124349,0.2251,hdx_knbs
020,Kajiado,2020,10,2020-10-01,124349,0.2251,hdx_knbs
020,Kajiado,2020,11,2020-11-01,124349,0.2251,hdx_knbs
020,Kajiado,2020,12,2020-12-01,124349,0.2251,hdx_knbs
020,Kajiado,2021,1,2021-01-01,124349,0.2251,hdx_knbs
020,Kajiado,2021,2,2021-02-01,124349,0.2251,hdx_knbs
020,Kajiado,2021,3,2021-03-01,124349,0.2251,hdx_knbs
020,Kajiado,2021,4,2021-04-01,124349,0.2251,hdx_knbs
020,Kajiado,2021,5,2021-05-01,124349,0.2251,hdx_knbs
020,Kajiado,2021,6,2021-06-01,124349,0.2251,hdx_knbs
020,Kajiado,2021,7,2021-07-01,124349,0.2251,hdx_knbs
020,Kajiado,2021,8,2021-08-01,124349,0.2251,hdx_knbs
020,Kajiado,2021,9,2021-09-01,124349,0.2251,hdx_knbs
020,Kajiado,2021,10,2021-10-01,124349,0.2251,hdx_knbs
020,Kajiado,2021,11,2021-11-01,124349,0.2251,hdx_knbs
020,Kajiado,2021,12,2021-12-01,124349,0.2251,hdx_knbs
020,Kajiado,2022,1,2022-01-01,124349,0.2251,hdx_knbs
020,Kajiado,2022,2,2022-02-01,124349,0.2251,hdx_knbs
020,Kajiado,2022,3,2022-03-01,124349,0.2251,hdx_knbs
020,Kajiado,2022,4,2022-04-01,124349,0.2251,hdx_knbs
020,Kajiado,2022,5,2022-05-01,124349,0.2251,hdx_knbs
020,Kajiado,2022,6,2022-06-01,124349,0.2251,hdx_knbs
020,Kajiado,2022,7,2022-07-01,124349,0.2251,hdx_knbs
020,Kajiado,2022,8,2022-08-01,124349,0.2251,hdx_knbs
020,Kajiado,2022,9,2022-09-01,124349,0.2251,hdx_knbs
020,Kajiado,2022,10,2022-10-01,124349,0.2251,hdx_knbs
020,Kajiado,2022,11,2022-11-01,124349,0.2251,hdx_knbs
020,Kajiado,2022,12,2022-12-01,124349,0.2251,hdx_knbs
021,Kiambu,2019,1,2019-01-01,192130,0.0588,hdx_knbs
021,Kiambu,2019,2,2019-02-01,192130,0.0588,hdx_knbs
021,Kiambu,2019,3,2019-03-01,192130,0.0588,hdx_knbs
021,Kiambu,2019,4,2019-04-01,192130,0.0588,hdx_knbs
021,Kiambu,2019,5,2019-05-01,192130,0.0588,hdx_knbs
021,Kiambu,2019,6,2019-06-01,192130,0.0588,hdx_knbs
021,Kiambu,2019,7,2019-07-01,192130,0.0588,hdx_knbs
021,Kiambu,2019,8,2019-08-01,192130,0.0588,hdx_knbs
021,Kiambu,2019,9,2019-09-01,192130,0.0588,hdx_knbs
021,Kiambu,2019,10,2019-10-01,192130,0.0588,hdx_knbs
021,Kiambu,2019,11,2019-11-01,192130,0.0588,hdx_knbs
021,Kiambu,2019,12,2019-12-01,192130,0.0588,hdx_knbs
021,Kiambu,2020,1,2020-01-01,192130,0.0588,hdx_knbs
021,Kiambu,2020,2,2020-02-01,192130,0.0588,hdx_knbs
021,Kiambu,2020,3,2020-03-01,192130,0.0588,hdx_knbs
021,Kiambu,2020,4,2020-04-01,192130,0.0588,hdx_knbs
021,Kiambu,2020,5,2020-05-01,192130,0.0588,hdx_knbs
021,Kiambu,2020,6,2020-06-01,192130,0.0588,hdx_knbs
021,Kiambu,2020,7,2020-07-01,192130,0.0588,hdx_knbs
021,Kiambu,2020,8,2020-08-01,192130,0.0588,hdx_knbs
021,Kiambu,2020,9,2020-09-01,192130,0.0588,hdx_knbs
021,Kiambu,2020,10,2020-10-01,192130,0.0588,hdx_knbs
021,Kiambu,2020,11,2020-11-01,192130,0.0588,hdx_knbs
021,Kiambu,2020,12,2020-12-01,192130,0.0588,hdx_knbs
021,Kiambu,2021,1,2021-01-01,192130,0.0588,hdx_knbs
021,Kiambu,2021,2,2021-02-01,192130,0.0588,hdx_knbs
021,Kiambu,2021,3,2021-03-01,192130,0.0588,hdx_knbs
021,Kiambu,2021,4,2021-04-01,192130,0.0588,hdx_knbs
021,Kiambu,2021,5,2021-05-01,192130,0.0588,hdx_knbs
021,Kiambu,2021,6,2021-06-01,192130,0.0588,hdx_knbs
021,Kiambu,2021,7,2021-07-01,192130,0.0588,hdx_knbs
021,Kiambu,2021,8,2021-08-01,192130,0.0588,hdx_knbs
021,Kiambu,2021,9,2021-09-01,192130,0.0588,hdx_knbs
021,Kiambu,2021,10,2021-10-01,192130,0.0588,hdx_knbs
021,Kiambu,2021,11,2021-11-01,192130,0.0588,hdx_knbs
021,Kiambu,2021,12,2021-12-01,192130,0.0588,hdx_knbs
021,Kiambu,2022,1,2022-01-01,192130,0.0588,hdx_knbs
021,Kiambu,2022,2,2022-02-01,192130,0.0588,hdx_knbs
021,Kiambu,2022,3,2022-03-01,192130,0.0588,hdx_knbs
021,Kiambu,2022,4,2022-04-01,192130,0.0588,hdx_knbs
021,Kiambu,2022,5,2022-05-01,192130,0.0588,hdx_knbs
021,Kiambu,2022,6,2022-06-01,192130,0.0588,hdx_knbs
021,Kiambu,2022,7,2022-07-01,192130,0.0588,hdx_knbs
021,Kiambu,2022,8,2022-08-01,192130,0.0588,hdx_knbs
021,Kiambu,2022,9,2022-09-01,192130,0.0588,hdx_knbs
021,Kiambu,2022,10,2022-10-01,192130,0.0588,hdx_knbs
021,Kiambu,2022,11,2022-11-01,192130,0.0588,hdx_knbs
021,Kiambu,2022,12,2022-12-01,192130,0.0588,hdx_knbs
