county_code,county_name,year,month,date,prod_index,data_source
001,Mombasa,2019,1,2019-01-01,107.28,wb_foodindex
001,Mombasa,2019,2,2019-02-01,107.28,wb_foodindex
001,Mombasa,2019,3,2019-03-01,107.28,wb_foodindex
001,Mombasa,2019,4,2019-04-01,107.28,wb_foodindex
001,Mombasa,2019,5,2019-05-01,107.28,wb_foodindex
001,Mombasa,2019,6,2019-06-01,107.28,wb_foodindex
001,Mombasa,2019,7,2019-07-01,107.28,wb_foodindex
001,Mombasa,2019,8,2019-08-01,107.28,wb_foodindex
001,Mombasa,2019,9,2019-09-01,107.28,wb_foodindex
001,Mombasa,2019,10,2019-10-01,107.28,wb_foodindex
001,Mombasa,2019,11,2019-11-01,107.28,wb_foodindex
001,Mombasa,2019,12,2019-12-01,107.28,wb_foodindex
001,Mombasa,2020,1,2020-01-01,125.82,wb_foodindex
001,Mombasa,2020,2,2020-02-01,125.82,wb_foodindex
001,Mombasa,2020,3,2020-03-01,125.82,wb_foodindex
001,Mombasa,2020,4,2020-04-01,125.82,wb_foodindex
001,Mombasa,2020,5,2020-05-01,125.82,wb_foodindex
001,Mombasa,2020,6,2020-06-01,125.82,wb_foodindex
001,Mombasa,2020,7,2020-07-01,125.82,wb_foodindex
001,Mombasa,2020,8,2020-08-01,125.82,wb_foodindex
001,Mombasa,2020,9,2020-09-01,125.82,wb_foodindex
001,Mombasa,2020,10,2020-10-01,125.82,wb_foodindex
001,Mombasa,2020,11,2020-11-01,125.82,wb_foodindex
001,Mombasa,2020,12,2020-12-01,125.82,wb_foodindex
001,Mombasa,2021,1,2021-01-01,123.29,wb_foodindex
001,Mombasa,2021,2,2021-02-01,123.29,wb_foodindex
001,Mombasa,2021,3,2021-03-01,123.29,wb_foodindex
001,Mombasa,2021,4,2021-04-01,123.29,wb_foodindex
001,Mombasa,2021,5,2021-05-01,123.29,wb_foodindex
001,Mombasa,2021,6,2021-06-01,123.29,wb_foodindex
001,Mombasa,2021,7,2021-07-01,123.29,wb_foodindex
001,Mombasa,2021,8,2021-08-01,123.29,wb_foodindex
001,Mombasa,2021,9,2021-09-01,123.29,wb_foodindex
001,Mombasa,2021,10,2021-10-01,123.29,wb_foodindex
001,Mombasa,2021,11,2021-11-01,123.29,wb_foodindex
001,Mombasa,2021,12,2021-12-01,123.29,wb_foodindex
001,Mombasa,2022,1,2022-01-01,112.38,wb_foodindex
001,Mombasa,2022,2,2022-02-01,112.38,wb_foodindex
001,Mombasa,2022,3,2022-03-01,112.38,wb_foodindex
001,Mombasa,2022,4,2022-04-01,112.38,wb_foodindex
001,Mombasa,2022,5,2022-05-01,112.38,wb_foodindex
001,Mombasa,2022,6,2022-06-01,112.38,wb_foodindex
001,Mombasa,2022,7,2022-07-01,112.38,wb_foodindex
001,Mombasa,2022,8,2022-08-01,112.38,wb_foodindex
001,Mombasa,2022,9,2022-09-01,112.38,wb_foodindex
001,Mombasa,2022,10,2022-10-01,112.38,wb_foodindex
001,Mombasa,2022,11,2022-11-01,112.38,wb_foodindex
001,Mombasa,2022,12,2022-12-01,112.38,wb_foodindex
002,Kwale,2019,1,2019-01-01,107.28,wb_foodindex
002,Kwale,2019,2,2019-02-01,107.28,wb_foodindex
002,Kwale,2019,3,2019-03-01,107.28,wb_foodindex
002,Kwale,2019,4,2019-04-01,107.28,wb_foodindex
002,Kwale,2019,5,2019-05-01,107.28,wb_foodindex
002,Kwale,2019,6,2019-06-01,107.28,wb_foodindex
002,Kwale,2019,7,2019-07-01,107.28,wb_foodindex
002,Kwale,2019,8,2019-08-01,107.28,wb_foodindex
002,Kwale,2019,9,2019-09-01,107.28,wb_foodindex
002,Kwale,2019,10,2019-10-01,107.28,wb_foodindex
002,Kwale,2019,11,2019-11-01,107.28,wb_foodindex
002,Kwale,2019,12,2019-12-01,107.28,wb_foodindex
002,Kwale,2020,1,2020-01-01,125.82,wb_foodindex
002,Kwale,2020,2,2020-02-01,125.82,wb_foodindex
002,Kwale,2020,3,2020-03-01,125.82,wb_foodindex
002,Kwale,2020,4,2020-04-01,125.82,wb_foodindex
002,Kwale,2020,5,2020-05-01,125.82,wb_foodindex
002,Kwale,2020,6,2020-06-01,125.82,wb_foodindex
002,Kwale,2020,7,2020-07-01,125.82,wb_foodindex
002,Kwale,2020,8,2020-08-01,125.82,wb_foodindex
002,Kwale,2020,9,2020-09-01,125.82,wb_foodindex
002,Kwale,2020,10,2020-10-01,125.82,wb_foodindex
002,Kwale,2020,11,2020-11-01,125.82,wb_foodindex
002,Kwale,2020,12,2020-12-01,125.82,wb_foodindex
002,Kwale,2021,1,2021-01-01,123.29,wb_foodindex
002,Kwale,2021,2,2021-02-01,123.29,wb_foodindex
002,Kwale,2021,3,2021-03-01,123.29,wb_foodindex
002,Kwale,2021,4,2021-04-01,123.29,wb_foodindex
002,Kwale,2021,5,2021-05-01,123.29,wb_foodindex
002,Kwale,2021,6,2021-06-01,123.29,wb_foodindex
002,Kwale,2021,7,2021-07-01,123.29,wb_foodindex
002,Kwale,2021,8,2021-08-01,123.29,wb_foodindex
002,Kwale,2021,9,2021-09-01,123.29,wb_foodindex
002,Kwale,2021,10,2021-10-01,123.29,wb_foodindex
002,Kwale,2021,11,2021-11-01,123.29,wb_foodindex
002,Kwale,2021,12,2021-12-01,123.29,wb_foodindex
002,Kwale,2022,1,2022-01-01,112.38,wb_foodindex
002,Kwale,2022,2,2022-02-01,112.38,wb_foodindex
002,Kwale,2022,3,2022-03-01,112.38,wb_foodindex
002,Kwale,2022,4,2022-04-01,112.38,wb_foodindex
002,Kwale,2022,5,2022-05-01,112.38,wb_foodindex
002,Kwale,2022,6,2022-06-01,112.38,wb_foodindex
002,Kwale,2022,7,2022-07-01,112.38,wb_foodindex
002,Kwale,2022,8,2022-08-01,112.38,wb_foodindex
002,Kwale,2022,9,2022-09-01,112.38,wb_foodindex
002,Kwale,2022,10,2022-10-01,112.38,wb_foodindex
002,Kwale,2022,11,2022-11-01,112.38,wb_foodindex
002,Kwale,2022,12,2022-12-01,112.38,wb_foodindex
003,Kilifi,2019,1,2019-01-01,107.28,wb_foodindex
003,Kilifi,2019,2,2019-02-01,107.28,wb_foodindex
003,Kilifi,2019,3,2019-03-01,107.28,wb_foodindex
003,Kilifi,2019,4,2019-04-01,107.28,wb_foodindex
003,Kilifi,2019,5,2019-05-01,107.28,wb_foodindex
003,Kilifi,2019,6,2019-06-01,107.28,wb_foodindex
003,Kilifi,2019,7,2019-07-01,107.28,wb_foodindex
003,Kilifi,2019,8,2019-08-01,107.28,wb_foodindex
003,Kilifi,2019,9,2019-09-01,107.28,wb_foodindex
003,Kilifi,2019,10,2019-10-01,107.28,wb_foodindex
003,Kilifi,2019,11,2019-11-01,107.28,wb_foodindex
003,Kilifi,2019,12,2019-12-01,107.28,wb_foodindex
003,Kilifi,2020,1,2020-01-01,125.82,wb_foodindex
003,Kilifi,2020,2,2020-02-01,125.82,wb_foodindex
003,Kilifi,2020,3,2020-03-01,125.82,wb_foodindex
003,Kilifi,2020,4,2020-04-01,125.82,wb_foodindex
003,Kilifi,2020,5,2020-05-01,125.82,wb_foodindex
003,Kilifi,2020,6,2020-06-01,125.82,wb_foodindex
003,Kilifi,2020,7,2020-07-01,125.82,wb_foodindex
003,Kilifi,2020,8,2020-08-01,125.82,wb_foodindex
003,Kilifi,2020,9,2020-09-01,125.82,wb_foodindex
003,Kilifi,2020,10,2020-10-01,125.82,wb_foodindex
003,Kilifi,2020,11,2020-11-01,125.82,wb_foodindex
003,Kilifi,2020,12,2020-12-01,125.82,wb_foodindex
003,Kilifi,2021,1,2021-01-01,123.29,wb_foodindex
003,Kilifi,2021,2,2021-02-01,123.29,wb_foodindex
003,Kilifi,2021,3,2021-03-01,123.29,wb_foodindex
003,Kilifi,2021,4,2021-04-01,123.29,wb_foodindex
003,Kilifi,2021,5,2021-05-01,123.29,wb_foodindex
003,Kilifi,2021,6,2021-06-01,123.29,wb_foodindex
003,Kilifi,2021,7,2021-07-01,123.29,wb_foodindex
003,Kilifi,2021,8,2021-08-01,123.29,wb_foodindex
003,Kilifi,2021,9,2021-09-01,123.29,wb_foodindex
003,Kilifi,2021,10,2021-10-01,123.29,wb_foodindex
003,Kilifi,2021,11,2021-11-01,123.29,wb_foodindex
003,Kilifi,2021,12,2021-12-01,123.29,wb_foodindex
003,Kilifi,2022,1,2022-01-01,112.38,wb_foodindex
003,Kilifi,2022,2,2022-02-01,112.38,wb_foodindex
003,Kilifi,2022,3,2022-03-01,112.38,wb_foodindex
003,Kilifi,2022,4,2022-04-01,112.38,wb_foodindex
003,Kilifi,2022,5,2022-05-01,112.38,wb_foodindex
003,Kilifi,2022,6,2022-06-01,112.38,wb_foodindex
003,Kilifi,2022,7,2022-07-01,112.38,wb_foodindex
003,Kilifi,2022,8,2022-08-01,112.38,wb_foodindex
003,Kilifi,2022,9,2022-09-01,112.38,wb_foodindex
003,Kilifi,2022,10,2022-10-01,112.38,wb_foodindex
003,Kilifi,2022,11,2022-11-01,112.38,wb_foodindex
003,Kilifi,2022,12,2022-12-01,112.38,wb_foodindex
004,Tana River,2019,1,2019-01-01,107.28,wb_foodindex
004,Tana River,2019,2,2019-02-01,107.28,wb_foodindex
004,Tana River,2019,3,2019-03-01,107.28,wb_foodindex
004,Tana River,2019,4,2019-04-01,107.28,wb_foodindex
004,Tana River,2019,5,2019-05-01,107.28,wb_foodindex
004,Tana River,2019,6,2019-06-01,107.28,wb_foodindex
004,Tana River,2019,7,2019-07-01,107.28,wb_foodindex
004,Tana River,2019,8,2019-08-01,107.28,wb_foodindex
004,Tana River,2019,9,2019-09-01,107.28,wb_foodindex
004,Tana River,2019,10,2019-10-01,107.28,wb_foodindex
004,Tana River,2019,11,2019-11-01,107.28,wb_foodindex
004,Tana River,2019,12,2019-12-01,107.28,wb_foodindex
004,Tana River,2020,1,2020-01-01,125.82,wb_foodindex
004,Tana River,2020,2,2020-02-01,125.82,wb_foodindex
004,Tana River,2020,3,2020-03-01,125.82,wb_foodindex
004,Tana River,2020,4,2020-04-01,125.82,wb_foodindex
004,Tana River,2020,5,2020-05-01,125.82,wb_foodindex
004,Tana River,2020,6,2020-06-01,125.82,wb_foodindex
004,Tana River,2020,7,2020-07-01,125.82,wb_foodindex
004,Tana River,2020,8,2020-08-01,125.82,wb_foodindex
004,Tana River,2020,9,2020-09-01,125.82,wb_foodindex
004,Tana River,2020,10,2020-10-01,125.82,wb_foodindex
004,Tana River,2020,11,2020-11-01,125.82,wb_foodindex
004,Tana River,2020,12,2020-12-01,125.82,wb_foodindex
004,Tana River,2021,1,2021-01-01,123.29,wb_foodindex
004,Tana River,2021,2,2021-02-01,123.29,wb_foodindex
004,Tana River,2021,3,2021-03-01,123.29,wb_foodindex
004,Tana River,2021,4,2021-04-01,123.29,wb_foodindex
004,Tana River,2021,5,2021-05-01,123.29,wb_foodindex
004,Tana River,2021,6,2021-06-01,123.29,wb_foodindex
004,Tana River,2021,7,2021-07-01,123.29,wb_foodindex
004,Tana River,2021,8,2021-08-01,123.29,wb_foodindex
004,Tana River,2021,9,2021-09-01,123.29,wb_foodindex
004,Tana River,2021,10,2021-10-01,123.29,wb_foodindex
004,Tana River,2021,11,2021-11-01,123.29,wb_foodindex
004,Tana River,2021,12,2021-12-01,123.29,wb_foodindex
004,Tana River,2022,1,2022-01-01,112.38,wb_foodindex
004,Tana River,2022,2,2022-02-01,112.38,wb_foodindex
004,Tana River,2022,3,2022-03-01,112.38,wb_foodindex
004,Tana River,2022,4,2022-04-01,112.38,wb_foodindex
004,Tana River,2022,5,2022-05-01,112.38,wb_foodindex
004,Tana River,2022,6,2022-06-01,112.38,wb_foodindex
004,Tana River,2022,7,2022-07-01,112.38,wb_foodindex
004,Tana River,2022,8,2022-08-01,112.38,wb_foodindex
004,Tana River,2022,9,2022-09-01,112.38,wb_foodindex
004,Tana River,2022,10,2022-10-01,112.38,wb_foodindex
004,Tana River,2022,11,2022-11-01,112.38,wb_foodindex
004,Tana River,2022,12,2022-12-01,112.38,wb_foodindex
005,Lamu,2019,1,2019-01-01,107.28,wb_foodindex
005,Lamu,2019,2,2019-02-01,107.28,wb_foodindex
005,Lamu,2019,3,2019-03-01,107.28,wb_foodindex
005,Lamu,2019,4,2019-04-01,107.28,wb_foodindex
005,Lamu,2019,5,2019-05-01,107.28,wb_foodindex
005,Lamu,2019,6,2019-06-01,107.28,wb_foodindex
005,Lamu,2019,7,2019-07-01,107.28,wb_foodindex
005,Lamu,2019,8,2019-08-01,107.28,wb_foodindex
005,Lamu,2019,9,2019-09-01,107.28,wb_foodindex
005,Lamu,2019,10,2019-10-01,107.28,wb_foodindex
005,Lamu,2019,11,2019-11-01,107.28,wb_foodindex
005,Lamu,2019,12,2019-12-01,107.28,wb_foodindex
005,Lamu,2020,1,2020-01-01,125.82,wb_foodindex
005,Lamu,2020,2,2020-02-01,125.82,wb_foodindex
005,Lamu,2020,3,2020-03-01,125.82,wb_foodindex
005,Lamu,2020,4,2020-04-01,125.82,wb_foodindex
005,Lamu,2020,5,2020-05-01,125.82,wb_foodindex
005,Lamu,2020,6,2020-06-01,125.82,wb_foodindex
005,Lamu,2020,7,2020-07-01,125.82,wb_foodindex
005,Lamu,2020,8,2020-08-01,125.82,wb_foodindex
005,Lamu,2020,9,2020-09-01,125.82,wb_foodindex
005,Lamu,2020,10,2020-10-01,125.82,wb_foodindex
005,Lamu,2020,11,2020-11-01,125.82,wb_foodindex
005,Lamu,2020,12,2020-12-01,125.82,wb_foodindex
005,Lamu,2021,1,2021-01-01,123.29,wb_foodindex
005,Lamu,2021,2,2021-02-01,123.29,wb_foodindex
005,Lamu,2021,3,2021-03-01,123.29,wb_foodindex
005,Lamu,2021,4,2021-04-01,123.29,wb_foodindex
005,Lamu,2021,5,2021-05-01,123.29,wb_foodindex
005,Lamu,2021,6,2021-06-01,123.29,wb_foodindex
005,Lamu,2021,7,2021-07-01,123.29,wb_foodindex
005,Lamu,2021,8,2021-08-01,123.29,wb_foodindex
005,Lamu,2021,9,2021-09-01,123.29,wb_foodindex
005,Lamu,2021,10,2021-10-01,123.29,wb_foodindex
005,Lamu,2021,11,2021-11-01,123.29,wb_foodindex
005,Lamu,2021,12,2021-12-01,123.29,wb_foodindex
005,Lamu,2022,1,2022-01-01,112.38,wb_foodindex
005,Lamu,2022,2,2022-02-01,112.38,wb_foodindex
005,Lamu,2022,3,2022-03-01,112.38,wb_foodindex
005,Lamu,2022,4,2022-04-01,112.38,wb_foodindex
005,Lamu,2022,5,2022-05-01,112.38,wb_foodindex
005,Lamu,2022,6,2022-06-01,112.38,wb_foodindex
005,Lamu,2022,7,2022-07-01,112.38,wb_foodindex
005,Lamu,2022,8,2022-08-01,112.38,wb_foodindex
005,Lamu,2022,9,2022-09-01,112.38,wb_foodindex
005,Lamu,2022,10,2022-10-01,112.38,wb_foodindex
005,Lamu,2022,11,2022-11-01,112.38,wb_foodindex
005,Lamu,2022,12,2022-12-01,112.38,wb_foodindex
006,Isiolo,2019,1,2019-01-01,107.28,wb_foodindex
006,Isiolo,2019,2,2019-02-01,107.28,wb_foodindex
006,Isiolo,2019,3,2019-03-01,107.28,wb_foodindex
006,Isiolo,2019,4,2019-04-01,107.28,wb_foodindex
006,Isiolo,2019,5,2019-05-01,107.28,wb_foodindex
006,Isiolo,2019,6,2019-06-01,107.28,wb_foodindex
006,Isiolo,2019,7,2019-07-01,107.28,wb_foodindex
006,Isiolo,2019,8,2019-08-01,107.28,wb_foodindex
006,Isiolo,2019,9,2019-09-01,107.28,wb_foodindex
006,Isiolo,2019,10,2019-10-01,107.28,wb_foodindex
006,Isiolo,2019,11,2019-11-01,107.28,wb_foodindex
006,Isiolo,2019,12,2019-12-01,107.28,wb_foodindex
006,Isiolo,2020,1,2020-01-01,125.82,wb_foodindex
006,Isiolo,2020,2,2020-02-01,125.82,wb_foodindex
006,Isiolo,2020,3,2020-03-01,125.82,wb_foodindex
006,Isiolo,2020,4,2020-04-01,125.82,wb_foodindex
006,Isiolo,2020,5,2020-05-01,125.82,wb_foodindex
006,Isiolo,2020,6,2020-06-01,125.82,wb_foodindex
006,Isiolo,2020,7,2020-07-01,125.82,wb_foodindex
006,Isiolo,2020,8,2020-08-01,125.82,wb_foodindex
006,Isiolo,2020,9,2020-09-01,125.82,wb_foodindex
006,Isiolo,2020,10,2020-10-01,125.82,wb_foodindex
006,Isiolo,2020,11,2020-11-01,125.82,wb_foodindex
006,Isiolo,2020,12,2020-12-01,125.82,wb_foodindex
006,Isiolo,2021,1,2021-01-01,123.29,wb_foodindex
006,Isiolo,2021,2,2021-02-01,123.29,wb_foodindex
006,Isiolo,2021,3,2021-03-01,123.29,wb_foodindex
006,Isiolo,2021,4,2021-04-01,123.29,wb_foodindex
006,Isiolo,2021,5,2021-05-01,123.29,wb_foodindex
006,Isiolo,2021,6,2021-06-01,123.29,wb_foodindex
006,Isiolo,2021,7,2021-07-01,123.29,wb_foodindex
006,Isiolo,2021,8,2021-08-01,123.29,wb_foodindex
006,Isiolo,2021,9,2021-09-01,123.29,wb_foodindex
006,Isiolo,2021,10,2021-10-01,123.29,wb_foodindex
006,Isiolo,2021,11,2021-11-01,123.29,wb_foodindex
006,Isiolo,2021,12,2021-12-01,123.29,wb_foodindex
006,Isiolo,2022,1,2022-01-01,112.38,wb_foodindex
006,Isiolo,2022,2,2022-02-01,112.38,wb_foodindex
006,Isiolo,2022,3,2022-03-01,112.38,wb_foodindex
006,Isiolo,2022,4,2022-04-01,112.38,wb_foodindex
006,Isiolo,2022,5,2022-05-01,112.38,wb_foodindex
006,Isiolo,2022,6,2022-06-01,112.38,wb_foodindex
006,Isiolo,2022,7,2022-07-01,112.38,wb_foodindex
006,Isiolo,2022,8,2022-08-01,112.38,wb_foodindex
006,Isiolo,2022,9,2022-09-01,112.38,wb_foodindex
006,Isiolo,2022,10,2022-10-01,112.38,wb_foodindex
006,Isiolo,2022,11,2022-11-01,112.38,wb_foodindex
006,Isiolo,2022,12,2022-12-01,112.38,wb_foodindex
007,Meru,2019,1,2019-01-01,107.28,wb_foodindex
007,Meru,2019,2,2019-02-01,107.28,wb_foodindex
007,Meru,2019,3,2019-03-01,107.28,wb_foodindex
007,Meru,2019,4,2019-04-01,107.28,wb_foodindex
007,Meru,2019,5,2019-05-01,107.28,wb_foodindex
007,Meru,2019,6,2019-06-01,107.28,wb_foodindex
007,Meru,2019,7,2019-07-01,107.28,wb_foodindex
007,Meru,2019,8,2019-08-01,107.28,wb_foodindex
007,Meru,2019,9,2019-09-01,107.28,wb_foodindex
007,Meru,2019,10,2019-10-01,107.28,wb_foodindex
007,Meru,2019,11,2019-11-01,107.28,wb_foodindex
007,Meru,2019,12,2019-12-01,107.28,wb_foodindex
007,Meru,2020,1,2020-01-01,125.82,wb_foodindex
007,Meru,2020,2,2020-02-01,125.82,wb_foodindex
007,Meru,2020,3,2020-03-01,125.82,wb_foodindex
007,Meru,2020,4,2020-04-01,125.82,wb_foodindex
007,Meru,2020,5,2020-05-01,125.82,wb_foodindex
007,Meru,2020,6,2020-06-01,125.82,wb_foodindex
007,Meru,2020,7,2020-07-01,125.82,wb_foodindex
007,Meru,2020,8,2020-08-01,125.82,wb_foodindex
007,Meru,2020,9,2020-09-01,125.82,wb_foodindex
007,Meru,2020,10,2020-10-01,125.82,wb_foodindex
007,Meru,2020,11,2020-11-01,125.82,wb_foodindex
007,Meru,2020,12,2020-12-01,125.82,wb_foodindex
007,Meru,2021,1,2021-01-01,123.29,wb_foodindex
007,Meru,2021,2,2021-02-01,123.29,wb_foodindex
007,Meru,2021,3,2021-03-01,123.29,wb_foodindex
007,Meru,2021,4,2021-04-01,123.29,wb_foodindex
007,Meru,2021,5,2021-05-01,123.29,wb_foodindex
007,Meru,2021,6,2021-06-01,123.29,wb_foodindex
007,Meru,2021,7,2021-07-01,123.29,wb_foodindex
007,Meru,2021,8,2021-08-01,123.29,wb_foodindex
007,Meru,2021,9,2021-09-01,123.29,wb_foodindex
007,Meru,2021,10,2021-10-01,123.29,wb_foodindex
007,Meru,2021,11,2021-11-01,123.29,wb_foodindex
007,Meru,2021,12,2021-12-01,123.29,wb_foodindex
007,Meru,2022,1,2022-01-01,112.38,wb_foodindex
007,Meru,2022,2,2022-02-01,112.38,wb_foodindex
007,Meru,2022,3,2022-03-01,112.38,wb_foodindex
007,Meru,2022,4,2022-04-01,112.38,wb_foodindex
007,Meru,2022,5,2022-05-01,112.38,wb_foodindex
007,Meru,2022,6,2022-06-01,112.38,wb_foodindex
007,Meru,2022,7,2022-07-01,112.38,wb_foodindex
007,Meru,2022,8,2022-08-01,112.38,wb_foodindex
007,Meru,2022,9,2022-09-01,112.38,wb_foodindex
007,Meru,2022,10,2022-10-01,112.38,wb_foodindex
007,Meru,2022,11,2022-11-01,112.38,wb_foodindex
007,Meru,2022,12,2022-12-01,112.38,wb_foodindex
008,Tharaka-Nithi,2019,1,2019-01-01,107.28,wb_foodindex
008,Tharaka-Nithi,2019,2,2019-02-01,107.28,wb_foodindex
008,Tharaka-Nithi,2019,3,2019-03-01,107.28,wb_foodindex
008,Tharaka-Nithi,2019,4,2019-04-01,107.28,wb_foodindex
008,Tharaka-Nithi,2019,5,2019-05-01,107.28,wb_foodindex
008,Tharaka-Nithi,2019,6,2019-06-01,107.28,wb_foodindex
008,Tharaka-Nithi,2019,7,2019-07-01,107.28,wb_foodindex
008,Tharaka-Nithi,2019,8,2019-08-01,107.28,wb_foodindex
008,Tharaka-Nithi,2019,9,2019-09-01,107.28,wb_foodindex
008,Tharaka-Nithi,2019,10,2019-10-01,107.28,wb_foodindex
008,Tharaka-Nithi,2019,11,2019-11-01,107.28,wb_foodindex
008,Tharaka-Nithi,2019,12,2019-12-01,107.28,wb_foodindex
008,Tharaka-Nithi,2020,1,2020-01-01,125.82,wb_foodindex
008,Tharaka-Nithi,2020,2,2020-02-01,125.82,wb_foodindex
008,Tharaka-Nithi,2020,3,2020-03-01,125.82,wb_foodindex
008,Tharaka-Nithi,2020,4,2020-04-01,125.82,wb_foodindex
008,Tharaka-Nithi,2020,5,2020-05-01,125.82,wb_foodindex
008,Tharaka-Nithi,2020,6,2020-06-01,125.82,wb_foodindex
008,Tharaka-Nithi,2020,7,2020-07-01,125.82,wb_foodindex
008,Tharaka-Nithi,2020,8,2020-08-01,125.82,wb_foodindex
008,Tharaka-Nithi,2020,9,2020-09-01,125.82,wb_foodindex
008,Tharaka-Nithi,2020,10,2020-10-01,125.82,wb_foodindex
008,Tharaka-Nithi,2020,11,2020-11-01,125.82,wb_foodindex
008,Tharaka-Nithi,2020,12,2020-12-01,125.82,wb_foodindex
008,Tharaka-Nithi,2021,1,2021-01-01,123.29,wb_foodindex
008,Tharaka-Nithi,2021,2,2021-02-01,123.29,wb_foodindex
008,Tharaka-Nithi,2021,3,2021-03-01,123.29,wb_foodindex
008,Tharaka-Nithi,2021,4,2021-04-01,123.29,wb_foodindex
008,Tharaka-Nithi,2021,5,2021-05-01,123.29,wb_foodindex
008,Tharaka-Nithi,2021,6,2021-06-01,123.29,wb_foodindex
008,Tharaka-Nithi,2021,7,2021-07-01,123.29,wb_foodindex
008,Tharaka-Nithi,2021,8,2021-08-01,123.29,wb_foodindex
008,Tharaka-Nithi,2021,9,2021-09-01,123.29,wb_foodindex
008,Tharaka-Nithi,2021,10,2021-10-01,123.29,wb_foodindex
008,Tharaka-Nithi,2021,11,2021-11-01,123.29,wb_foodindex
008,Tharaka-Nithi,2021,12,2021-12-01,123.29,wb_foodindex
008,Tharaka-Nithi,2022,1,2022-01-01,112.38,wb_foodindex
008,Tharaka-Nithi,2022,2,2022-02-01,112.38,wb_foodindex
008,Tharaka-Nithi,2022,3,2022-03-01,112.38,wb_foodindex
008,Tharaka-Nithi,2022,4,2022-04-01,112.38,wb_foodindex
008,Tharaka-Nithi,2022,5,2022-05-01,112.38,wb_foodindex
008,Tharaka-Nithi,2022,6,2022-06-01,112.38,wb_foodindex
008,Tharaka-Nithi,2022,7,2022-07-01,112.38,wb_foodindex
008,Tharaka-Nithi,2022,8,2022-08-01,112.38,wb_foodindex
008,Tharaka-Nithi,2022,9,2022-09-01,112.38,wb_foodindex
008,Tharaka-Nithi,2022,10,2022-10-01,112.38,wb_foodindex
008,Tharaka-Nithi,2022,11,2022-11-01,112.38,wb_foodindex
008,Tharaka-Nithi,2022,12,2022-12-01,112.38,wb_foodindex
009,Embu,2019,1,2019-01-01,107.28,wb_foodindex
009,Embu,2019,2,2019-02-01,107.28,wb_foodindex
009,Embu,2019,3,2019-03-01,107.28,wb_foodindex
009,Embu,2019,4,2019-04-01,107.28,wb_foodindex
009,Embu,2019,5,2019-05-01,107.28,wb_foodindex
009,Embu,2019,6,2019-06-01,107.28,wb_foodindex
009,Embu,2019,7,2019-07-01,107.28,wb_foodindex
009,Embu,2019,8,2019-08-01,107.28,wb_foodindex
009,Embu,2019,9,2019-09-01,107.28,wb_foodindex
009,Embu,2019,10,2019-10-01,107.28,wb_foodindex
009,Embu,2019,11,2019-11-01,107.28,wb_foodindex
009,Embu,2019,12,2019-12-01,107.28,wb_foodindex
009,Embu,2020,1,2020-01-01,125.82,wb_foodindex
009,Embu,2020,2,2020-02-01,125.82,wb_foodindex
009,Embu,2020,3,2020-03-01,125.82,wb_foodindex
009,Embu,2020,4,2020-04-01,125.82,wb_foodindex
009,Embu,2020,5,2020-05-01,125.82,wb_foodindex
009,Embu,2020,6,2020-06-01,125.82,wb_foodindex
009,Embu,2020,7,2020-07-01,125.82,wb_foodindex
009,Embu,2020,8,2020-08-01,125.82,wb_foodindex
009,Embu,2020,9,2020-09-01,125.82,wb_foodindex
009,Embu,2020,10,2020-10-01,125.82,wb_foodindex
009,Embu,2020,11,2020-11-01,125.82,wb_foodindex
009,Embu,2020,12,2020-12-01,125.82,wb_foodindex
009,Embu,2021,1,2021-01-01,123.29,wb_foodindex
009,Embu,2021,2,2021-02-01,123.29,wb_foodindex
009,Embu,2021,3,2021-03-01,123.29,wb_foodindex
009,Embu,2021,4,2021-04-01,123.29,wb_foodindex
009,Embu,2021,5,2021-05-01,123.29,wb_foodindex
009,Embu,2021,6,2021-06-01,123.29,wb_foodindex
009,Embu,2021,7,2021-07-01,123.29,wb_foodindex
009,Embu,2021,8,2021-08-01,123.29,wb_foodindex
009,Embu,2021,9,2021-09-01,123.29,wb_foodindex
009,Embu,2021,10,2021-10-01,123.29,wb_foodindex
009,Embu,2021,11,2021-11-01,123.29,wb_foodindex
009,Embu,2021,12,2021-12-01,123.29,wb_foodindex
009,Embu,2022,1,2022-01-01,112.38,wb_foodindex
009,Embu,2022,2,2022-02-01,112.38,wb_foodindex
009,Embu,2022,3,2022-03-01,112.38,wb_foodindex
009,Embu,2022,4,2022-04-01,112.38,wb_foodindex
009,Embu,2022,5,2022-05-01,112.38,wb_foodindex
009,Embu,2022,6,2022-06-01,112.38,wb_foodindex
009,Embu,2022,7,2022-07-01,112.38,wb_foodindex
009,Embu,2022,8,2022-08-01,112.38,wb_foodindex
009,Embu,2022,9,2022-09-01,112.38,wb_foodindex
009,Embu,2022,10,2022-10-01,112.38,wb_foodindex
009,Embu,2022,11,2022-11-01,112.38,wb_foodindex
009,Embu,2022,12,2022-12-01,112.38,wb_foodindex
010,Kitui,2019,1,2019-01-01,107.28,wb_foodindex
010,Kitui,2019,2,2019-02-01,107.28,wb_foodindex
010,Kitui,2019,3,2019-03-01,107.28,wb_foodindex
010,Kitui,2019,4,2019-04-01,107.28,wb_foodindex
010,Kitui,2019,5,2019-05-01,107.28,wb_foodindex
010,Kitui,2019,6,2019-06-01,107.28,wb_foodindex
010,Kitui,2019,7,2019-07-01,107.28,wb_foodindex
010,Kitui,2019,8,2019-08-01,107.28,wb_foodindex
010,Kitui,2019,9,2019-09-01,107.28,wb_foodindex
010,Kitui,2019,10,2019-10-01,107.28,wb_foodindex
010,Kitui,2019,11,2019-11-01,107.28,wb_foodindex
010,Kitui,2019,12,2019-12-01,107.28,wb_foodindex
010,Kitui,2020,1,2020-01-01,125.82,wb_foodindex
010,Kitui,2020,2,2020-02-01,125.82,wb_foodindex
010,Kitui,2020,3,2020-03-01,125.82,wb_foodindex
010,Kitui,2020,4,2020-04-01,125.82,wb_foodindex
010,Kitui,2020,5,2020-05-01,125.82,wb_foodindex
010,Kitui,2020,6,2020-06-01,125.82,wb_foodindex
010,Kitui,2020,7,2020-07-01,125.82,wb_foodindex
010,Kitui,2020,8,2020-08-01,125.82,wb_foodindex
010,Kitui,2020,9,2020-09-01,125.82,wb_foodindex
010,Kitui,2020,10,2020-10-01,125.82,wb_foodindex
010,Kitui,2020,11,2020-11-01,125.82,wb_foodindex
010,Kitui,2020,12,2020-12-01,125.82,wb_foodindex
010,Kitui,2021,1,2021-01-01,123.29,wb_foodindex
010,Kitui,2021,2,2021-02-01,123.29,wb_foodindex
010,Kitui,2021,3,2021-03-01,123.29,wb_foodindex
010,Kitui,2021,4,2021-04-01,123.29,wb_foodindex
010,Kitui,2021,5,2021-05-01,123.29,wb_foodindex
010,Kitui,2021,6,2021-06-01,123.29,wb_foodindex
010,Kitui,2021,7,2021-07-01,123.29,wb_foodindex
010,Kitui,2021,8,2021-08-01,123.29,wb_foodindex
010,Kitui,2021,9,2021-09-01,123.29,wb_foodindex
010,Kitui,2021,10,2021-10-01,123.29,wb_foodindex
010,Kitui,2021,11,2021-11-01,123.29,wb_foodindex
010,Kitui,2021,12,2021-12-01,123.29,wb_foodindex
010,Kitui,2022,1,2022-01-01,112.38,wb_foodindex
010,Kitui,2022,2,2022-02-01,112.38,wb_foodindex
010,Kitui,2022,3,2022-03-01,112.38,wb_foodindex
010,Kitui,2022,4,2022-04-01,112.38,wb_foodindex
010,Kitui,2022,5,2022-05-01,112.38,wb_foodindex
010,Kitui,2022,6,2022-06-01,112.38,wb_foodindex
010,Kitui,2022,7,2022-07-01,112.38,wb_foodindex
010,Kitui,2022,8,2022-08-01,112.38,wb_foodindex
010,Kitui,2022,9,2022-09-01,112.38,wb_foodindex
010,Kitui,2022,10,2022-10-01,112.38,wb_foodindex
010,Kitui,2022,11,2022-11-01,112.38,wb_foodindex
010,Kitui,2022,12,2022-12-01,112.38,wb_foodindex
011,Machakos,2019,1,2019-01-01,107.28,wb_foodindex
011,Machakos,2019,2,2019-02-01,107.28,wb_foodindex
011,Machakos,2019,3,2019-03-01,107.28,wb_foodindex
011,Machakos,2019,4,2019-04-01,107.28,wb_foodindex
011,Machakos,2019,5,2019-05-01,107.28,wb_foodindex
011,Machakos,2019,6,2019-06-01,107.28,wb_foodindex
011,Machakos,2019,7,2019-07-01,107.28,wb_foodindex
011,Machakos,2019,8,2019-08-01,107.28,wb_foodindex
011,Machakos,2019,9,2019-09-01,107.28,wb_foodindex
011,Machakos,2019,10,2019-10-01,107.28,wb_foodindex
011,Machakos,2019,11,2019-11-01,107.28,wb_foodindex
011,Machakos,2019,12,2019-12-01,107.28,wb_foodindex
011,Machakos,2020,1,2020-01-01,125.82,wb_foodindex
011,Machakos,2020,2,2020-02-01,125.82,wb_foodindex
011,Machakos,2020,3,2020-03-01,125.82,wb_foodindex
011,Machakos,2020,4,2020-04-01,125.82,wb_foodindex
011,Machakos,2020,5,2020-05-01,125.82,wb_foodindex
011,Machakos,2020,6,2020-06-01,125.82,wb_foodindex
011,Machakos,2020,7,2020-07-01,125.82,wb_foodindex
011,Machakos,2020,8,2020-08-01,125.82,wb_foodindex
011,Machakos,2020,9,2020-09-01,125.82,wb_foodindex
011,Machakos,2020,10,2020-10-01,125.82,wb_foodindex
011,Machakos,2020,11,2020-11-01,125.82,wb_foodindex
011,Machakos,2020,12,2020-12-01,125.82,wb_foodindex
011,Machakos,2021,1,2021-01-01,123.29,wb_foodindex
011,Machakos,2021,2,2021-02-01,123.29,wb_foodindex
011,Machakos,2021,3,2021-03-01,123.29,wb_foodindex
011,Machakos,2021,4,2021-04-01,123.29,wb_foodindex
011,Machakos,2021,5,2021-05-01,123.29,wb_foodindex
011,Machakos,2021,6,2021-06-01,123.29,wb_foodindex
011,Machakos,2021,7,2021-07-01,123.29,wb_foodindex
011,Machakos,2021,8,2021-08-01,123.29,wb_foodindex
011,Machakos,2021,9,2021-09-01,123.29,wb_foodindex
011,Machakos,2021,10,2021-10-01,123.29,wb_foodindex
011,Machakos,2021,11,2021-11-01,123.29,wb_foodindex
011,Machakos,2021,12,2021-12-01,123.29,wb_foodindex
011,Machakos,2022,1,2022-01-01,112.38,wb_foodindex
011,Machakos,2022,2,2022-02-01,112.38,wb_foodindex
011,Machakos,2022,3,2022-03-01,112.38,wb_foodindex
011,Machakos,2022,4,2022-04-01,112.38,wb_foodindex
011,Machakos,2022,5,2022-05-01,112.38,wb_foodindex
011,Machakos,2022,6,2022-06-01,112.38,wb_foodindex
011,Machakos,2022,7,2022-07-01,112.38,wb_foodindex
011,Machakos,2022,8,2022-08-01,112.38,wb_foodindex
011,Machakos,2022,9,2022-09-01,112.38,wb_foodindex
011,Machakos,2022,10,2022-10-01,112.38,wb_foodindex
011,Machakos,2022,11,2022-11-01,112.38,wb_foodindex
011,Machakos,2022,12,2022-12-01,112.38,wb_foodindex
012,Makueni,2019,1,2019-01-01,107.28,wb_foodindex
012,Makueni,2019,2,2019-02-01,107.28,wb_foodindex
012,Makueni,2019,3,2019-03-01,107.28,wb_foodindex
012,Makueni,2019,4,2019-04-01,107.28,wb_foodindex
012,Makueni,2019,5,2019-05-01,107.28,wb_foodindex
012,Makueni,2019,6,2019-06-01,107.28,wb_foodindex
012,Makueni,2019,7,2019-07-01,107.28,wb_foodindex
012,Makueni,2019,8,2019-08-01,107.28,wb_foodindex
012,Makueni,2019,9,2019-09-01,107.28,wb_foodindex
012,Makueni,2019,10,2019-10-01,107.28,wb_foodindex
012,Makueni,2019,11,2019-11-01,107.28,wb_foodindex
012,Makueni,2019,12,2019-12-01,107.28,wb_foodindex
012,Makueni,2020,1,2020-01-01,125.82,wb_foodindex
012,Makueni,2020,2,2020-02-01,125.82,wb_foodindex
012,Makueni,2020,3,2020-03-01,125.82,wb_foodindex
012,Makueni,2020,4,2020-04-01,125.82,wb_foodindex
012,Makueni,2020,5,2020-05-01,125.82,wb_foodindex
012,Makueni,2020,6,2020-06-01,125.82,wb_foodindex
012,Makueni,2020,7,2020-07-01,125.82,wb_foodindex
012,Makueni,2020,8,2020-08-01,125.82,wb_foodindex
012,Makueni,2020,9,2020-09-01,125.82,wb_foodindex
012,Makueni,2020,10,2020-10-01,125.82,wb_foodindex
012,Makueni,2020,11,2020-11-01,125.82,wb_foodindex
012,Makueni,2020,12,2020-12-01,125.82,wb_foodindex
012,Makueni,2021,1,2021-01-01,123.29,wb_foodindex
012,Makueni,2021,2,2021-02-01,123.29,wb_foodindex
012,Makueni,2021,3,2021-03-01,123.29,wb_foodindex
012,Makueni,2021,4,2021-04-01,123.29,wb_foodindex
012,Makueni,2021,5,2021-05-01,123.29,wb_foodindex
012,Makueni,2021,6,2021-06-01,123.29,wb_foodindex
012,Makueni,2021,7,2021-07-01,123.29,wb_foodindex
012,Makueni,2021,8,2021-08-01,123.29,wb_foodindex
012,Makueni,2021,9,2021-09-01,123.29,wb_foodindex
012,Makueni,2021,10,2021-10-01,123.29,wb_foodindex
012,Makueni,2021,11,2021-11-01,123.29,wb_foodindex
012,Makueni,2021,12,2021-12-01,123.29,wb_foodindex
012,Makueni,2022,1,2022-01-01,112.38,wb_foodindex
012,Makueni,2022,2,2022-02-01,112.38,wb_foodindex
012,Makueni,2022,3,2022-03-01,112.38,wb_foodindex
012,Makueni,2022,4,2022-04-01,112.38,wb_foodindex
012,Makueni,2022,5,2022-05-01,112.38,wb_foodindex
012,Makueni,2022,6,2022-06-01,112.38,wb_foodindex
012,Makueni,2022,7,2022-07-01,112.38,wb_foodindex
012,Makueni,2022,8,2022-08-01,112.38,wb_foodindex
012,Makueni,2022,9,2022-09-01,112.38,wb_foodindex
012,Makueni,2022,10,2022-10-01,112.38,wb_foodindex
012,Makueni,2022,11,2022-11-01,112.38,wb_foodindex
012,Makueni,2022,12,2022-12-01,112.38,wb_foodindex
013,Wajir,2019,1,2019-01-01,107.28,wb_foodindex
013,Wajir,2019,2,2019-02-01,107.28,wb_foodindex
013,Wajir,2019,3,2019-03-01,107.28,wb_foodindex
013,Wajir,2019,4,2019-04-01,107.28,wb_foodindex
013,Wajir,2019,5,2019-05-01,107.28,wb_foodindex
013,Wajir,2019,6,2019-06-01,107.28,wb_foodindex
013,Wajir,2019,7,2019-07-01,107.28,wb_foodindex
013,Wajir,2019,8,2019-08-01,107.28,wb_foodindex
013,Wajir,2019,9,2019-09-01,107.28,wb_foodindex
013,Wajir,2019,10,2019-10-01,107.28,wb_foodindex
013,Wajir,2019,11,2019-11-01,107.28,wb_foodindex
013,Wajir,2019,12,2019-12-01,107.28,wb_foodindex
013,Wajir,2020,1,2020-01-01,125.82,wb_foodindex
013,Wajir,2020,2,2020-02-01,125.82,wb_foodindex
013,Wajir,2020,3,2020-03-01,125.82,wb_foodindex
013,Wajir,2020,4,2020-04-01,125.82,wb_foodindex
013,Wajir,2020,5,2020-05-01,125.82,wb_foodindex
013,Wajir,2020,6,2020-06-01,125.82,wb_foodindex
013,Wajir,2020,7,2020-07-01,125.82,wb_foodindex
013,Wajir,2020,8,2020-08-01,125.82,wb_foodindex
013,Wajir,2020,9,2020-09-01,125.82,wb_foodindex
013,Wajir,2020,10,2020-10-01,125.82,wb_foodindex
013,Wajir,2020,11,2020-11-01,125.82,wb_foodindex
013,Wajir,2020,12,2020-12-01,125.82,wb_foodindex
013,Wajir,2021,1,2021-01-01,123.29,wb_foodindex
013,Wajir,2021,2,2021-02-01,123.29,wb_foodindex
013,Wajir,2021,3,2021-03-01,123.29,wb_foodindex
013,Wajir,2021,4,2021-04-01,123.29,wb_foodindex
013,Wajir,2021,5,2021-05-01,123.29,wb_foodindex
013,Wajir,2021,6,2021-06-01,123.29,wb_foodindex
013,Wajir,2021,7,2021-07-01,123.29,wb_foodindex
013,Wajir,2021,8,2021-08-01,123.29,wb_foodindex
013,Wajir,2021,9,2021-09-01,123.29,wb_foodindex
013,Wajir,2021,10,2021-10-01,123.29,wb_foodindex
013,Wajir,2021,11,2021-11-01,123.29,wb_foodindex
013,Wajir,2021,12,2021-12-01,123.29,wb_foodindex
013,Wajir,2022,1,2022-01-01,112.38,wb_foodindex
013,Wajir,2022,2,2022-02-01,112.38,wb_foodindex
013,Wajir,2022,3,2022-03-01,112.38,wb_foodindex
013,Wajir,2022,4,2022-04-01,112.38,wb_foodindex
013,Wajir,2022,5,2022-05-01,112.38,wb_foodindex
013,Wajir,2022,6,2022-06-01,112.38,wb_foodindex
013,Wajir,2022,7,2022-07-01,112.38,wb_foodindex
013,Wajir,2022,8,2022-08-01,112.38,wb_foodindex
013,Wajir,2022,9,2022-09-01,112.38,wb_foodindex
013,Wajir,2022,10,2022-10-01,112.38,wb_foodindex
013,Wajir,2022,11,2022-11-01,112.38,wb_foodindex
013,Wajir,2022,12,2022-12-01,112.38,wb_foodindex
014,Mandera,2019,1,2019-01-01,107.28,wb_foodindex
014,Mandera,2019,2,2019-02-01,107.28,wb_foodindex
014,Mandera,2019,3,2019-03-01,107.28,wb_foodindex
014,Mandera,2019,4,2019-04-01,107.28,wb_foodindex
014,Mandera,2019,5,2019-05-01,107.28,wb_foodindex
014,Mandera,2019,6,2019-06-01,107.28,wb_foodindex
014,Mandera,2019,7,2019-07-01,107.28,wb_foodindex
014,Mandera,2019,8,2019-08-01,107.28,wb_foodindex
014,Mandera,2019,9,2019-09-01,107.28,wb_foodindex
014,Mandera,2019,10,2019-10-01,107.28,wb_foodindex
014,Mandera,2019,11,2019-11-01,107.28,wb_foodindex
014,Mandera,2019,12,2019-12-01,107.28,wb_foodindex
014,Mandera,2020,1,2020-01-01,125.82,wb_foodindex
014,Mandera,2020,2,2020-02-01,125.82,wb_foodindex
014,Mandera,2020,3,2020-03-01,125.82,wb_foodindex
014,Mandera,2020,4,2020-04-01,125.82,wb_foodindex
014,Mandera,2020,5,2020-05-01,125.82,wb_foodindex
014,Mandera,2020,6,2020-06-01,125.82,wb_foodindex
014,Mandera,2020,7,2020-07-01,125.82,wb_foodindex
014,Mandera,2020,8,2020-08-01,125.82,wb_foodindex
014,Mandera,2020,9,2020-09-01,125.82,wb_foodindex
014,Mandera,2020,10,2020-10-01,125.82,wb_foodindex
014,Mandera,2020,11,2020-11-01,125.82,wb_foodindex
014,Mandera,2020,12,2020-12-01,125.82,wb_foodindex
014,Mandera,2021,1,2021-01-01,123.29,wb_foodindex
014,Mandera,2021,2,2021-02-01,123.29,wb_foodindex
014,Mandera,2021,3,2021-03-01,123.29,wb_foodindex
014,Mandera,2021,4,2021-04-01,123.29,wb_foodindex
014,Mandera,2021,5,2021-05-01,123.29,wb_foodindex
014,Mandera,2021,6,2021-06-01,123.29,wb_foodindex
014,Mandera,2021,7,2021-07-01,123.29,wb_foodindex
014,Mandera,2021,8,2021-08-01,123.29,wb_foodindex
014,Mandera,2021,9,2021-09-01,123.29,wb_foodindex
014,Mandera,2021,10,2021-10-01,123.29,wb_foodindex
014,Mandera,2021,11,2021-11-01,123.29,wb_foodindex
014,Mandera,2021,12,2021-12-01,123.29,wb_foodindex
014,Mandera,2022,1,2022-01-01,112.38,wb_foodindex
014,Mandera,2022,2,2022-02-01,112.38,wb_foodindex
014,Mandera,2022,3,2022-03-01,112.38,wb_foodindex
014,Mandera,2022,4,2022-04-01,112.38,wb_foodindex
014,Mandera,2022,5,2022-05-01,112.38,wb_foodindex
014,Mandera,2022,6,2022-06-01,112.38,wb_foodindex
014,Mandera,2022,7,2022-07-01,112.38,wb_foodindex
014,Mandera,2022,8,2022-08-01,112.38,wb_foodindex
014,Mandera,2022,9,2022-09-01,112.38,wb_foodindex
014,Mandera,2022,10,2022-10-01,112.38,wb_foodindex
014,Mandera,2022,11,2022-11-01,112.38,wb_foodindex
014,Mandera,2022,12,2022-12-01,112.38,wb_foodindex
015,Marsabit,2019,1,2019-01-01,107.28,wb_foodindex
015,Marsabit,2019,2,2019-02-01,107.28,wb_foodindex
015,Marsabit,2019,3,2019-03-01,107.28,wb_foodindex
015,Marsabit,2019,4,2019-04-01,107.28,wb_foodindex
015,Marsabit,2019,5,2019-05-01,107.28,wb_foodindex
015,Marsabit,2019,6,2019-06-01,107.28,wb_foodindex
015,Marsabit,2019,7,2019-07-01,107.28,wb_foodindex
015,Marsabit,2019,8,2019-08-01,107.28,wb_foodindex
015,Marsabit,2019,9,2019-09-01,107.28,wb_foodindex
015,Marsabit,2019,10,2019-10-01,107.28,wb_foodindex
015,Marsabit,2019,11,2019-11-01,107.28,wb_foodindex
015,Marsabit,2019,12,2019-12-01,107.28,wb_foodindex
015,Marsabit,2020,1,2020-01-01,125.82,wb_foodindex
015,Marsabit,2020,2,2020-02-01,125.82,wb_foodindex
015,Marsabit,2020,3,2020-03-01,125.82,wb_foodindex
015,Marsabit,2020,4,2020-04-01,125.82,wb_foodindex
015,Marsabit,2020,5,2020-05-01,125.82,wb_foodindex
015,Marsabit,2020,6,2020-06-01,125.82,wb_foodindex
015,Marsabit,2020,7,2020-07-01,125.82,wb_foodindex
015,Marsabit,2020,8,2020-08-01,125.82,wb_foodindex
015,Marsabit,2020,9,2020-09-01,125.82,wb_foodindex
015,Marsabit,2020,10,2020-10-01,125.82,wb_foodindex
015,Marsabit,2020,11,2020-11-01,125.82,wb_foodindex
015,Marsabit,2020,12,2020-12-01,125.82,wb_foodindex
015,Marsabit,2021,1,2021-01-01,123.29,wb_foodindex
015,Marsabit,2021,2,2021-02-01,123.29,wb_foodindex
015,Marsabit,2021,3,2021-03-01,123.29,wb_foodindex
015,Marsabit,2021,4,2021-04-01,123.29,wb_foodindex
015,Marsabit,2021,5,2021-05-01,123.29,wb_foodindex
015,Marsabit,2021,6,2021-06-01,123.29,wb_foodindex
015,Marsabit,2021,7,2021-07-01,123.29,wb_foodindex
015,Marsabit,2021,8,2021-08-01,123.29,wb_foodindex
015,Marsabit,2021,9,2021-09-01,123.29,wb_foodindex
015,Marsabit,2021,10,2021-10-01,123.29,wb_foodindex
015,Marsabit,2021,11,2021-11-01,123.29,wb_foodindex
015,Marsabit,2021,12,2021-12-01,123.29,wb_foodindex
015,Marsabit,2022,1,2022-01-01,112.38,wb_foodindex
015,Marsabit,2022,2,2022-02-01,112.38,wb_foodindex
015,Marsabit,2022,3,2022-03-01,112.38,wb_foodindex
015,Marsabit,2022,4,2022-04-01,112.38,wb_foodindex
015,Marsabit,2022,5,2022-05-01,112.38,wb_foodindex
015,Marsabit,2022,6,2022-06-01,112.38,wb_foodindex
015,Marsabit,2022,7,2022-07-01,112.38,wb_foodindex
015,Marsabit,2022,8,2022-08-01,112.38,wb_foodindex
015,Marsabit,2022,9,2022-09-01,112.38,wb_foodindex
015,Marsabit,2022,10,2022-10-01,112.38,wb_foodindex
015,Marsabit,2022,11,2022-11-01,112.38,wb_foodindex
015,Marsabit,2022,12,2022-12-01,112.38,wb_foodindex
016,Garissa,2019,1,2019-01-01,107.28,wb_foodindex
016,Garissa,2019,2,2019-02-01,107.28,wb_foodindex
016,Garissa,2019,3,2019-03-01,107.28,wb_foodindex
016,Garissa,2019,4,2019-04-01,107.28,wb_foodindex
016,Garissa,2019,5,2019-05-01,107.28,wb_foodindex
016,Garissa,2019,6,2019-06-01,107.28,wb_foodindex
016,Garissa,2019,7,2019-07-01,107.28,wb_foodindex
016,Garissa,2019,8,2019-08-01,107.28,wb_foodindex
016,Garissa,2019,9,2019-09-01,107.28,wb_foodindex
016,Garissa,2019,10,2019-10-01,107.28,wb_foodindex
016,Garissa,2019,11,2019-11-01,107.28,wb_foodindex
016,Garissa,2019,12,2019-12-01,107.28,wb_foodindex
016,Garissa,2020,1,2020-01-01,125.82,wb_foodindex
016,Garissa,2020,2,2020-02-01,125.82,wb_foodindex
016,Garissa,2020,3,2020-03-01,125.82,wb_foodindex
016,Garissa,2020,4,2020-04-01,125.82,wb_foodindex
016,Garissa,2020,5,2020-05-01,125.82,wb_foodindex
016,Garissa,2020,6,2020-06-01,125.82,wb_foodindex
016,Garissa,2020,7,2020-07-01,125.82,wb_foodindex
016,Garissa,2020,8,2020-08-01,125.82,wb_foodindex
016,Garissa,2020,9,2020-09-01,125.82,wb_foodindex
016,Garissa,2020,10,2020-10-01,125.82,wb_foodindex
016,Garissa,2020,11,2020-11-01,125.82,wb_foodindex
016,Garissa,2020,12,2020-12-01,125.82,wb_foodindex
016,Garissa,2021,1,2021-01-01,123.29,wb_foodindex
016,Garissa,2021,2,2021-02-01,123.29,wb_foodindex
016,Garissa,2021,3,2021-03-01,123.29,wb_foodindex
016,Garissa,2021,4,2021-04-01,123.29,wb_foodindex
016,Garissa,2021,5,2021-05-01,123.29,wb_foodindex
016,Garissa,2021,6,2021-06-01,123.29,wb_foodindex
016,Garissa,2021,7,2021-07-01,123.29,wb_foodindex
016,Garissa,2021,8,2021-08-01,123.29,wb_foodindex
016,Garissa,2021,9,2021-09-01,123.29,wb_foodindex
016,Garissa,2021,10,2021-10-01,123.29,wb_foodindex
016,Garissa,2021,11,2021-11-01,123.29,wb_foodindex
016,Garissa,2021,12,2021-12-01,123.29,wb_foodindex
016,Garissa,2022,1,2022-01-01,112.38,wb_foodindex
016,Garissa,2022,2,2022-02-01,112.38,wb_foodindex
016,Garissa,2022,3,2022-03-01,112.38,wb_foodindex
016,Garissa,2022,4,2022-04-01,112.38,wb_foodindex
016,Garissa,2022,5,2022-05-01,112.38,wb_foodindex
016,Garissa,2022,6,2022-06-01,112.38,wb_foodindex
016,Garissa,2022,7,2022-07-01,112.38,wb_foodindex
016,Garissa,2022,8,2022-08-01,112.38,wb_foodindex
016,Garissa,2022,9,2022-09-01,112.38,wb_foodindex
016,Garissa,2022,10,2022-10-01,112.38,wb_foodindex
016,Garissa,2022,11,2022-11-01,112.38,wb_foodindex
016,Garissa,2022,12,2022-12-01,112.38,wb_foodindex
017,Taita Taveta,2019,1,2019-01-01,107.28,wb_foodindex
017,Taita Taveta,2019,2,2019-02-01,107.28,wb_foodindex
017,Taita Taveta,2019,3,2019-03-01,107.28,wb_foodindex
017,Taita Taveta,2019,4,2019-04-01,107.28,wb_foodindex
017,Taita Taveta,2019,5,2019-05-01,107.28,wb_foodindex
017,Taita Taveta,2019,6,2019-06-01,107.28,wb_foodindex
017,Taita Taveta,2019,7,2019-07-01,107.28,wb_foodindex
017,Taita Taveta,2019,8,2019-08-01,107.28,wb_foodindex
017,Taita Taveta,2019,9,2019-09-01,107.28,wb_foodindex
017,Taita Taveta,2019,10,2019-10-01,107.28,wb_foodindex
017,Taita Taveta,2019,11,2019-11-01,107.28,wb_foodindex
017,Taita Taveta,2019,12,2019-12-01,107.28,wb_foodindex
017,Taita Taveta,2020,1,2020-01-01,125.82,wb_foodindex
017,Taita Taveta,2020,2,2020-02-01,125.82,wb_foodindex
017,Taita Taveta,2020,3,2020-03-01,125.82,wb_foodindex
017,Taita Taveta,2020,4,2020-04-01,125.82,wb_foodindex
017,Taita Taveta,2020,5,2020-05-01,125.82,wb_foodindex
017,Taita Taveta,2020,6,2020-06-01,125.82,wb_foodindex
017,Taita Taveta,2020,7,2020-07-01,125.82,wb_foodindex
017,Taita Taveta,2020,8,2020-08-01,125.82,wb_foodindex
017,Taita Taveta,2020,9,2020-09-01,125.82,wb_foodindex
017,Taita Taveta,2020,10,2020-10-01,125.82,wb_foodindex
017,Taita Taveta,2020,11,2020-11-01,125.82,wb_foodindex
017,Taita Taveta,2020,12,2020-12-01,125.82,wb_foodindex
017,Taita Taveta,2021,1,2021-01-01,123.29,wb_foodindex
017,Taita Taveta,2021,2,2021-02-01,123.29,wb_foodindex
017,Taita Taveta,2021,3,2021-03-01,123.29,wb_foodindex
017,Taita Taveta,2021,4,2021-04-01,123.29,wb_foodindex
017,Taita Taveta,2021,5,2021-05-01,123.29,wb_foodindex
017,Taita Taveta,2021,6,2021-06-01,123.29,wb_foodindex
017,Taita Taveta,2021,7,2021-07-01,123.29,wb_foodindex
017,Taita Taveta,2021,8,2021-08-01,123.29,wb_foodindex
017,Taita Taveta,2021,9,2021-09-01,123.29,wb_foodindex
017,Taita Taveta,2021,10,2021-10-01,123.29,wb_foodindex
017,Taita Taveta,2021,11,2021-11-01,123.29,wb_foodindex
017,Taita Taveta,2021,12,2021-12-01,123.29,wb_foodindex
017,Taita Taveta,2022,1,2022-01-01,112.38,wb_foodindex
017,Taita Taveta,2022,2,2022-02-01,112.38,wb_foodindex
017,Taita Taveta,2022,3,2022-03-01,112.38,wb_foodindex
017,Taita Taveta,2022,4,2022-04-01,112.38,wb_foodindex
017,Taita Taveta,2022,5,2022-05-01,112.38,wb_foodindex
017,Taita Taveta,2022,6,2022-06-01,112.38,wb_foodindex
017,Taita Taveta,2022,7,2022-07-01,112.38,wb_foodindex
017,Taita Taveta,2022,8,2022-08-01,112.38,wb_foodindex
017,Taita Taveta,2022,9,2022-09-01,112.38,wb_foodindex
017,Taita Taveta,2022,10,2022-10-01,112.38,wb_foodindex
017,Taita Taveta,2022,11,2022-11-01,112.38,wb_foodindex
017,Taita Taveta,2022,12,2022-12-01,112.38,wb_foodindex
018,Nakuru,2019,1,2019-01-01,107.28,wb_foodindex
018,Nakuru,2019,2,2019-02-01,107.28,wb_foodindex
018,Nakuru,2019,3,2019-03-01,107.28,wb_foodindex
018,Nakuru,2019,4,2019-04-01,107.28,wb_foodindex
018,Nakuru,2019,5,2019-05-01,107.28,wb_foodindex
018,Nakuru,2019,6,2019-06-01,107.28,wb_foodindex
018,Nakuru,2019,7,2019-07-01,107.28,wb_foodindex
018,Nakuru,2019,8,2019-08-01,107.28,wb_foodindex
018,Nakuru,2019,9,2019-09-01,107.28,wb_foodindex
018,Nakuru,2019,10,2019-10-01,107.28,wb_foodindex
018,Nakuru,2019,11,2019-11-01,107.28,wb_foodindex
018,Nakuru,2019,12,2019-12-01,107.28,wb_foodindex
018,Nakuru,2020,1,2020-01-01,125.82,wb_foodindex
018,Nakuru,2020,2,2020-02-01,125.82,wb_foodindex
018,Nakuru,2020,3,2020-03-01,125.82,wb_foodindex
018,Nakuru,2020,4,2020-04-01,125.82,wb_foodindex
018,Nakuru,2020,5,2020-05-01,125.82,wb_foodindex
018,Nakuru,2020,6,2020-06-01,125.82,wb_foodindex
018,Nakuru,2020,7,2020-07-01,125.82,wb_foodindex
018,Nakuru,2020,8,2020-08-01,125.82,wb_foodindex
018,Nakuru,2020,9,2020-09-01,125.82,wb_foodindex
018,Nakuru,2020,10,2020-10-01,125.82,wb_foodindex
018,Nakuru,2020,11,2020-11-01,125.82,wb_foodindex
018,Nakuru,2020,12,2020-12-01,125.82,wb_foodindex
018,Nakuru,2021,1,2021-01-01,123.29,wb_foodindex
018,Nakuru,2021,2,2021-02-01,123.29,wb_foodindex
018,Nakuru,2021,3,2021-03-01,123.29,wb_foodindex
018,Nakuru,2021,4,2021-04-01,123.29,wb_foodindex
018,Nakuru,2021,5,2021-05-01,123.29,wb_foodindex
018,Nakuru,2021,6,2021-06-01,123.29,wb_foodindex
018,Nakuru,2021,7,2021-07-01,123.29,wb_foodindex
018,Nakuru,2021,8,2021-08-01,123.29,wb_foodindex
018,Nakuru,2021,9,2021-09-01,123.29,wb_foodindex
018,Nakuru,2021,10,2021-10-01,123.29,wb_foodindex
018,Nakuru,2021,11,2021-11-01,123.29,wb_foodindex
018,Nakuru,2021,12,2021-12-01,123.29,wb_foodindex
018,Nakuru,2022,1,2022-01-01,112.38,wb_foodindex
018,Nakuru,2022,2,2022-02-01,112.38,wb_foodindex
018,Nakuru,2022,3,2022-03-01,112.38,wb_foodindex
018,Nakuru,2022,4,2022-04-01,112.38,wb_foodindex
018,Nakuru,2022,5,2022-05-01,112.38,wb_foodindex
018,Nakuru,2022,6,2022-06-01,112.38,wb_foodindex
018,Nakuru,2022,7,2022-07-01,112.38,wb_foodindex
018,Nakuru,2022,8,2022-08-01,112.38,wb_foodindex
018,Nakuru,2022,9,2022-09-01,112.38,wb_foodindex
018,Nakuru,2022,10,2022-10-01,112.38,wb_foodindex
018,Nakuru,2022,11,2022-11-01,112.38,wb_foodindex
018,Nakuru,2022,12,2022-12-01,112.38,wb_foodindex
019,Narok,2019,1,2019-01-01,107.28,wb_foodindex
019,Narok,2019,2,2019-02-01,107.28,wb_foodindex
019,Narok,2019,3,2019-03-01,107.28,wb_foodindex
019,Narok,2019,4,2019-04-01,107.28,wb_foodindex
019,Narok,2019,5,2019-05-01,107.28,wb_foodindex
019,Narok,2019,6,2019-06-01,107.28,wb_foodindex
019,Narok,2019,7,2019-07-01,107.28,wb_foodindex
019,Narok,2019,8,2019-08-01,107.28,wb_foodindex
019,Narok,2019,9,2019-09-01,107.28,wb_foodindex
019,Narok,2019,10,2019-10-01,107.28,wb_foodindex
019,Narok,2019,11,2019-11-01,107.28,wb_foodindex
019,Narok,2019,12,2019-12-01,107.28,wb_foodindex
019,Narok,2020,1,2020-01-01,125.82,wb_foodindex
019,Narok,2020,2,2020-02-01,125.82,wb_foodindex
019,Narok,2020,3,2020-03-01,125.82,wb_foodindex
019,Narok,2020,4,2020-04-01,125.82,wb_foodindex
019,Narok,2020,5,2020-05-01,125.82,wb_foodindex
019,Narok,2020,6,2020-06-01,125.82,wb_foodindex
019,Narok,2020,7,2020-07-01,125.82,wb_foodindex
019,Narok,2020,8,2020-08-01,125.82,wb_foodindex
019,Narok,2020,9,2020-09-01,125.82,wb_foodindex
019,Narok,2020,10,2020-10-01,125.82,wb_foodindex
019,Narok,2020,11,2020-11-01,125.82,wb_foodindex
019,Narok,2020,12,2020-12-01,125.82,wb_foodindex
019,Narok,2021,1,2021-01-01,123.29,wb_foodindex
019,Narok,2021,2,2021-02-01,123.29,wb_foodindex
019,Narok,2021,3,2021-03-01,123.29,wb_foodindex
019,Narok,2021,4,2021-04-01,123.29,wb_foodindex
019,Narok,2021,5,2021-05-01,123.29,wb_foodindex
019,Narok,2021,6,2021-06-01,123.29,wb_foodindex
019,Narok,2021,7,2021-07-01,123.29,wb_foodindex
019,Narok,2021,8,2021-08-01,123.29,wb_foodindex
019,Narok,2021,9,2021-09-01,123.29,wb_foodindex
019,Narok,2021,10,2021-10-01,123.29,wb_foodindex
019,Narok,2021,11,2021-11-01,123.29,wb_foodindex
019,Narok,2021,12,2021-12-01,123.29,wb_foodindex
019,Narok,2022,1,2022-01-01,112.38,wb_foodindex
019,Narok,2022,2,2022-02-01,112.38,wb_foodindex
019,Narok,2022,3,2022-03-01,112.38,wb_foodindex
019,Narok,2022,4,2022-04-01,112.38,wb_foodindex
019,Narok,2022,5,2022-05-01,112.38,wb_foodindex
019,Narok,2022,6,2022-06-01,112.38,wb_foodindex
019,Narok,2022,7,2022-07-01,112.38,wb_foodindex
019,Narok,2022,8,2022-08-01,112.38,wb_foodindex
019,Narok,2022,9,2022-09-01,112.38,wb_foodindex
019,Narok,2022,10,2022-10-01,112.38,wb_foodindex
019,Narok,2022,11,2022-11-01,112.38,wb_foodindex
019,Narok,2022,12,2022-12-01,112.38,wb_foodindex
020,Kajiado,2019,1,2019-01-01,107.28,wb_foodindex
020,Kajiado,2019,2,2019-02-01,107.28,wb_foodindex
020,Kajiado,2019,3,2019-03-01,107.28,wb_foodindex
020,Kajiado,2019,4,2019-04-01,107.28,wb_foodindex
020,Kajiado,2019,5,2019-05-01,107.28,wb_foodindex
020,Kajiado,2019,6,2019-06-01,107.28,wb_foodindex
020,Kajiado,2019,7,2019-07-01,107.28,wb_foodindex
020,Kajiado,2019,8,2019-08-01,107.28,wb_foodindex
020,Kajiado,2019,9,2019-09-01,107.28,wb_foodindex
020,Kajiado,2019,10,2019-10-01,107.28,wb_foodindex
020,Kajiado,2019,11,2019-11-01,107.28,wb_foodindex
020,Kajiado,2019,12,2019-12-01,107.28,wb_foodindex
020,Kajiado,2020,1,2020-01-01,125.82,wb_foodindex
020,Kajiado,2020,2,2020-02-01,125.82,wb_foodindex
020,Kajiado,2020,3,2020-03-01,125.82,wb_foodindex
020,Kajiado,2020,4,2020-04-01,125.82,wb_foodindex
020,Kajiado,2020,5,2020-05-01,125.82,wb_foodindex
020,Kajiado,2020,6,2020-06-01,125.82,wb_foodindex
020,Kajiado,2020,7,2020-07-01,125.82,wb_foodindex
020,Kajiado,2020,8,2020-08-01,125.82,wb_foodindex
020,Kajiado,2020,9,2020-09-01,125.82,wb_foodindex
020,Kajiado,2020,10,2020-10-01,125.82,wb_foodindex
020,Kajiado,2020,11,2020-11-01,125.82,wb_foodindex
020,Kajiado,2020,12,2020-12-01,125.82,wb_foodindex
020,Kajiado,2021,1,2021-01-01,123.29,wb_foodindex
020,Kajiado,2021,2,2021-02-01,123.29,wb_foodindex
020,Kajiado,2021,3,2021-03-01,123.29,wb_foodindex
020,Kajiado,2021,4,2021-04-01,123.29,wb_foodindex
020,Kajiado,2021,5,2021-05-01,123.29,wb_foodindex
020,Kajiado,2021,6,2021-06-01,123.29,wb_foodindex
020,Kajiado,2021,7,2021-07-01,123.29,wb_foodindex
020,Kajiado,2021,8,2021-08-01,123.29,wb_foodindex
020,Kajiado,2021,9,2021-09-01,123.29,wb_foodindex
020,Kajiado,2021,10,2021-10-01,123.29,wb_foodindex
020,Kajiado,2021,11,2021-11-01,123.29,wb_foodindex
020,Kajiado,2021,12,2021-12-01,123.29,wb_foodindex
020,Kajiado,2022,1,2022-01-01,112.38,wb_foodindex
020,Kajiado,2022,2,2022-02-01,112.38,wb_foodindex
020,Kajiado,2022,3,2022-03-01,112.38,wb_foodindex
020,Kajiado,2022,4,2022-04-01,112.38,wb_foodindex
020,Kajiado,2022,5,2022-05-01,112.38,wb_foodindex
020,Kajiado,2022,6,2022-06-01,112.38,wb_foodindex
020,Kajiado,2022,7,2022-07-01,112.38,wb_foodindex
020,Kajiado,2022,8,2022-08-01,112.38,wb_foodindex
020,Kajiado,2022,9,2022-09-01,112.38,wb_foodindex
020,Kajiado,2022,10,2022-10-01,112.38,wb_foodindex
020,Kajiado,2022,11,2022-11-01,112.38,wb_foodindex
020,Kajiado,2022,12,2022-12-01,112.38,wb_foodindex
021,Kiambu,2019,1,2019-01-01,107.28,wb_foodindex
021,Kiambu,2019,2,2019-02-01,107.28,wb_foodindex
021,Kiambu,2019,3,2019-03-01,107.28,wb_foodindex
021,Kiambu,2019,4,2019-04-01,107.28,wb_foodindex
021,Kiambu,2019,5,2019-05-01,107.28,wb_foodindex
021,Kiambu,2019,6,2019-06-01,107.28,wb_foodindex
021,Kiambu,2019,7,2019-07-01,107.28,wb_foodindex
021,Kiambu,2019,8,2019-08-01,107.28,wb_foodindex
021,Kiambu,2019,9,2019-09-01,107.28,wb_foodindex
021,Kiambu,2019,10,2019-10-01,107.28,wb_foodindex
021,Kiambu,2019,11,2019-11-01,107.28,wb_foodindex
021,Kiambu,2019,12,2019-12-01,107.28,wb_foodindex
021,Kiambu,2020,1,2020-01-01,125.82,wb_foodindex
021,Kiambu,2020,2,2020-02-01,125.82,wb_foodindex
021,Kiambu,2020,3,2020-03-01,125.82,wb_foodindex
021,Kiambu,2020,4,2020-04-01,125.82,wb_foodindex
021,Kiambu,2020,5,2020-05-01,125.82,wb_foodindex
021,Kiambu,2020,6,2020-06-01,125.82,wb_foodindex
021,Kiambu,2020,7,2020-07-01,125.82,wb_foodindex
021,Kiambu,2020,8,2020-08-01,125.82,wb_foodindex
021,Kiambu,2020,9,2020-09-01,125.82,wb_foodindex
021,Kiambu,2020,10,2020-10-01,125.82,wb_foodindex
021,Kiambu,2020,11,2020-11-01,125.82,wb_foodindex
021,Kiambu,2020,12,2020-12-01,125.82,wb_foodindex
021,Kiambu,2021,1,2021-01-01,123.29,wb_foodindex
021,Kiambu,2021,2,2021-02-01,123.29,wb_foodindex
021,Kiambu,2021,3,2021-03-01,123.29,wb_foodindex
021,Kiambu,2021,4,2021-04-01,123.29,wb_foodindex
021,Kiambu,2021,5,2021-05-01,123.29,wb_foodindex
021,Kiambu,2021,6,2021-06-01,123.29,wb_foodindex
021,Kiambu,2021,7,2021-07-01,123.29,wb_foodindex
021,Kiambu,2021,8,2021-08-01,123.29,wb_foodindex
021,Kiambu,2021,9,2021-09-01,123.29,wb_foodindex
021,Kiambu,2021,10,2021-10-01,123.29,wb_foodindex
021,Kiambu,2021,11,2021-11-01,123.29,wb_foodindex
021,Kiambu,2021,12,2021-12-01,123.29,wb_foodindex
021,Kiambu,2022,1,2022-01-01,112.38,wb_foodindex
021,Kiambu,2022,2,2022-02-01,112.38,wb_foodindex
021,Kiambu,2022,3,2022-03-01,112.38,wb_foodindex
021,Kiambu,2022,4,2022-04-01,112.38,wb_foodindex
021,Kiambu,2022,5,2022-05-01,112.38,wb_foodindex
021,Kiambu,2022,6,2022-06-01,112.38,wb_foodindex
021,Kiambu,2022,7,2022-07-01,112.38,wb_foodindex
021,Kiambu,2022,8,2022-08-01,112.38,wb_foodindex
021,Kiambu,2022,9,2022-09-01,112.38,wb_foodindex
021,Kiambu,2022,10,2022-10-01,112.38,wb_foodindex
021,Kiambu,2022,11,2022-11-01,112.38,wb_foodindex
021,Kiambu,2022,12,2022-12-01,112.38,wb_foodindex
