county_code,county_name,year,month,date,precipitation_mm,data_source,temp_mean_c
001,Mombasa,2019,1,2019-01-01,18.26,chirps+openmeteo,27.46
001,Mombasa,2019,2,2019-02-01,8.99,chirps+openmeteo,27.77
001,Mombasa,2019,3,2019-03-01,15.1,chirps+openmeteo,28.12
001,Mombasa,2019,4,2019-04-01,50.24,chirps+openmeteo,27.89
001,Mombasa,2019,5,2019-05-01,440.14,chirps+openmeteo,25.75
001,Mombasa,2019,6,2019-06-01,67.08,chirps+openmeteo,25.7
001,Mombasa,2019,7,2019-07-01,90.97,chirps+openmeteo,25.0
001,Mombasa,2019,8,2019-08-01,65.33,chirps+openmeteo,24.84
001,Mombasa,2019,9,2019-09-01,85.84,chirps+openmeteo,25.19
001,Mombasa,2019,10,2019-10-01,422.22,chirps+openmeteo,25.59
001,Mombasa,2019,11,2019-11-01,182.26,chirps+openmeteo,26.66
001,Mombasa,2019,12,2019-12-01,154.11,chirps+openmeteo,27.25
001,Mombasa,2020,1,2020-01-01,51.19,chirps+openmeteo,27.72
001,Mombasa,2020,2,2020-02-01,13.15,chirps+openmeteo,27.97
001,Mombasa,2020,3,2020-03-01,101.6,chirps+openmeteo,28.16
001,Mombasa,2020,4,2020-04-01,510.54,chirps+openmeteo,26.93
001,Mombasa,2020,5,2020-05-01,242.57,chirps+openmeteo,25.83
001,Mombasa,2020,6,2020-06-01,137.27,chirps+openmeteo,25.3
001,Mombasa,2020,7,2020-07-01,115.67,chirps+openmeteo,24.69
001,Mombasa,2020,8,2020-08-01,50.08,chirps+openmeteo,24.38
001,Mombasa,2020,9,2020-09-01,63.53,chirps+openmeteo,24.96
001,Mombasa,2020,10,2020-10-01,60.57,chirps+openmeteo,26.04
001,Mombasa,2020,11,2020-11-01,173.89,chirps+openmeteo,26.62
001,Mombasa,2020,12,2020-12-01,59.62,chirps+openmeteo,27.36
001,Mombasa,2021,1,2021-01-01,29.14,chirps+openmeteo,26.96
001,Mombasa,2021,2,2021-02-01,15.28,chirps+openmeteo,27.34
001,Mombasa,2021,3,2021-03-01,19.98,chirps+openmeteo,27.84
001,Mombasa,2021,4,2021-04-01,90.1,chirps+openmeteo,26.59
001,Mombasa,2021,5,2021-05-01,179.22,chirps+openmeteo,25.98
001,Mombasa,2021,6,2021-06-01,64.57,chirps+openmeteo,24.74
001,Mombasa,2021,7,2021-07-01,97.4,chirps+openmeteo,24.25
001,Mombasa,2021,8,2021-08-01,61.39,chirps+openmeteo,24.21
001,Mombasa,2021,9,2021-09-01,46.5,chirps+openmeteo,24.81
001,Mombasa,2021,10,2021-10-01,59.58,chirps+openmeteo,25.78
001,Mombasa,2021,11,2021-11-01,47.76,chirps+openmeteo,26.89
001,Mombasa,2021,12,2021-12-01,163.7,chirps+openmeteo,26.82
001,Mombasa,2022,1,2022-01-01,14.62,chirps+openmeteo,27.51
001,Mombasa,2022,2,2022-02-01,11.8,chirps+openmeteo,27.57
001,Mombasa,2022,3,2022-03-01,22.37,chirps+openmeteo,27.68
001,Mombasa,2022,4,2022-04-01,138.62,chirps+openmeteo,27.19
001,Mombasa,2022,5,2022-05-01,186.92,chirps+openmeteo,26.45
001,Mombasa,2022,6,2022-06-01,90.09,chirps+openmeteo,25.12
001,Mombasa,2022,7,2022-07-01,187.7,chirps+openmeteo,23.81
001,Mombasa,2022,8,2022-08-01,57.22,chirps+openmeteo,23.95
001,Mombasa,2022,9,2022-09-01,42.77,chirps+openmeteo,24.49
001,Mombasa,2022,10,2022-10-01,47.83,chirps+openmeteo,25.17
001,Mombasa,2022,11,2022-11-01,111.07,chirps+openmeteo,26.19
001,Mombasa,2022,12,2022-12-01,46.64,chirps+openmeteo,27.16
002,Kwale,2019,1,2019-01-01,18.6,chirps+openmeteo,26.55
002,Kwale,2019,2,2019-02-01,11.37,chirps+openmeteo,27.03
002,Kwale,2019,3,2019-03-01,17.45,chirps+openmeteo,27.51
002,Kwale,2019,4,2019-04-01,66.11,chirps+openmeteo,26.88
002,Kwale,2019,5,2019-05-01,467.6,chirps+openmeteo,24.31
002,Kwale,2019,6,2019-06-01,61.51,chirps+openmeteo,24.0
002,Kwale,2019,7,2019-07-01,84.28,chirps+openmeteo,23.38
002,Kwale,2019,8,2019-08-01,68.07,chirps+openmeteo,23.31
002,Kwale,2019,9,2019-09-01,92.54,chirps+openmeteo,23.76
002,Kwale,2019,10,2019-10-01,433.25,chirps+openmeteo,24.29
002,Kwale,2019,11,2019-11-01,170.08,chirps+openmeteo,25.39
002,Kwale,2019,12,2019-12-01,163.52,chirps+openmeteo,26.05
002,Kwale,2020,1,2020-01-01,60.19,chirps+openmeteo,26.69
002,Kwale,2020,2,2020-02-01,14.62,chirps+openmeteo,27.01
002,Kwale,2020,3,2020-03-01,112.19,chirps+openmeteo,26.96
002,Kwale,2020,4,2020-04-01,553.42,chirps+openmeteo,25.5
002,Kwale,2020,5,2020-05-01,219.65,chirps+openmeteo,24.28
002,Kwale,2020,6,2020-06-01,130.86,chirps+openmeteo,23.72
002,Kwale,2020,7,2020-07-01,113.23,chirps+openmeteo,23.05
002,Kwale,2020,8,2020-08-01,49.47,chirps+openmeteo,22.89
002,Kwale,2020,9,2020-09-01,74.79,chirps+openmeteo,23.7
002,Kwale,2020,10,2020-10-01,59.35,chirps+openmeteo,25.1
002,Kwale,2020,11,2020-11-01,183.63,chirps+openmeteo,25.41
002,Kwale,2020,12,2020-12-01,67.48,chirps+openmeteo,26.41
002,Kwale,2021,1,2021-01-01,36.57,chirps+openmeteo,26.27
002,Kwale,2021,2,2021-02-01,16.99,chirps+openmeteo,26.76
002,Kwale,2021,3,2021-03-01,23.55,chirps+openmeteo,27.28
002,Kwale,2021,4,2021-04-01,117.16,chirps+openmeteo,25.48
002,Kwale,2021,5,2021-05-01,189.99,chirps+openmeteo,24.72
002,Kwale,2021,6,2021-06-01,65.88,chirps+openmeteo,23.44
002,Kwale,2021,7,2021-07-01,90.44,chirps+openmeteo,22.79
002,Kwale,2021,8,2021-08-01,54.35,chirps+openmeteo,23.05
002,Kwale,2021,9,2021-09-01,55.27,chirps+openmeteo,23.83
002,Kwale,2021,10,2021-10-01,58.98,chirps+openmeteo,25.25
002,Kwale,2021,11,2021-11-01,48.67,chirps+openmeteo,26.59
002,Kwale,2021,12,2021-12-01,155.42,chirps+openmeteo,26.1
002,Kwale,2022,1,2022-01-01,19.28,chirps+openmeteo,26.99
002,Kwale,2022,2,2022-02-01,13.97,chirps+openmeteo,27.39
002,Kwale,2022,3,2022-03-01,27.15,chirps+openmeteo,27.35
002,Kwale,2022,4,2022-04-01,154.74,chirps+openmeteo,26.18
002,Kwale,2022,5,2022-05-01,166.65,chirps+openmeteo,25.2
002,Kwale,2022,6,2022-06-01,90.25,chirps+openmeteo,23.64
002,Kwale,2022,7,2022-07-01,174.77,chirps+openmeteo,22.32
002,Kwale,2022,8,2022-08-01,50.85,chirps+openmeteo,22.61
002,Kwale,2022,9,2022-09-01,50.82,chirps+openmeteo,23.65
002,Kwale,2022,10,2022-10-01,46.23,chirps+openmeteo,24.56
002,Kwale,2022,11,2022-11-01,119.94,chirps+openmeteo,25.53
002,Kwale,2022,12,2022-12-01,48.79,chirps+openmeteo,26.65
003,Kilifi,2019,1,2019-01-01,24.14,chirps+openmeteo,27.68
003,Kilifi,2019,2,2019-02-01,5.58,chirps+openmeteo,28.02
003,Kilifi,2019,3,2019-03-01,16.84,chirps+openmeteo,28.62
003,Kilifi,2019,4,2019-04-01,52.9,chirps+openmeteo,28.42
003,Kilifi,2019,5,2019-05-01,403.8,chirps+openmeteo,25.36
003,Kilifi,2019,6,2019-06-01,80.62,chirps+openmeteo,25.28
003,Kilifi,2019,7,2019-07-01,102.91,chirps+openmeteo,24.8
003,Kilifi,2019,8,2019-08-01,51.54,chirps+openmeteo,24.79
003,Kilifi,2019,9,2019-09-01,78.79,chirps+openmeteo,25.3
003,Kilifi,2019,10,2019-10-01,368.08,chirps+openmeteo,25.18
003,Kilifi,2019,11,2019-11-01,229.43,chirps+openmeteo,26.13
003,Kilifi,2019,12,2019-12-01,138.55,chirps+openmeteo,26.74
003,Kilifi,2020,1,2020-01-01,48.35,chirps+openmeteo,27.4
003,Kilifi,2020,2,2020-02-01,10.34,chirps+openmeteo,27.89
003,Kilifi,2020,3,2020-03-01,80.55,chirps+openmeteo,28.23
003,Kilifi,2020,4,2020-04-01,392.71,chirps+openmeteo,26.78
003,Kilifi,2020,5,2020-05-01,202.9,chirps+openmeteo,25.29
003,Kilifi,2020,6,2020-06-01,149.02,chirps+openmeteo,24.75
003,Kilifi,2020,7,2020-07-01,124.86,chirps+openmeteo,24.42
003,Kilifi,2020,8,2020-08-01,38.8,chirps+openmeteo,24.43
003,Kilifi,2020,9,2020-09-01,53.87,chirps+openmeteo,25.06
003,Kilifi,2020,10,2020-10-01,52.88,chirps+openmeteo,26.33
003,Kilifi,2020,11,2020-11-01,179.34,chirps+openmeteo,26.57
003,Kilifi,2020,12,2020-12-01,54.88,chirps+openmeteo,27.52
003,Kilifi,2021,1,2021-01-01,16.64,chirps+openmeteo,27.27
003,Kilifi,2021,2,2021-02-01,14.07,chirps+openmeteo,27.65
003,Kilifi,2021,3,2021-03-01,15.19,chirps+openmeteo,28.19
003,Kilifi,2021,4,2021-04-01,68.41,chirps+openmeteo,27.4
003,Kilifi,2021,5,2021-05-01,143.42,chirps+openmeteo,26.38
003,Kilifi,2021,6,2021-06-01,72.86,chirps+openmeteo,24.81
003,Kilifi,2021,7,2021-07-01,103.41,chirps+openmeteo,24.34
003,Kilifi,2021,8,2021-08-01,67.52,chirps+openmeteo,24.66
003,Kilifi,2021,9,2021-09-01,37.1,chirps+openmeteo,25.31
003,Kilifi,2021,10,2021-10-01,50.41,chirps+openmeteo,26.47
003,Kilifi,2021,11,2021-11-01,54.82,chirps+openmeteo,27.45
003,Kilifi,2021,12,2021-12-01,189.2,chirps+openmeteo,26.73
003,Kilifi,2022,1,2022-01-01,10.53,chirps+openmeteo,27.55
003,Kilifi,2022,2,2022-02-01,10.45,chirps+openmeteo,27.83
003,Kilifi,2022,3,2022-03-01,23.2,chirps+openmeteo,28.15
003,Kilifi,2022,4,2022-04-01,111.2,chirps+openmeteo,27.5
003,Kilifi,2022,5,2022-05-01,201.4,chirps+openmeteo,26.53
003,Kilifi,2022,6,2022-06-01,100.55,chirps+openmeteo,24.95
003,Kilifi,2022,7,2022-07-01,160.99,chirps+openmeteo,23.76
003,Kilifi,2022,8,2022-08-01,63.77,chirps+openmeteo,24.34
003,Kilifi,2022,9,2022-09-01,34.13,chirps+openmeteo,25.17
003,Kilifi,2022,10,2022-10-01,44.82,chirps+openmeteo,25.85
003,Kilifi,2022,11,2022-11-01,119.62,chirps+openmeteo,26.61
003,Kilifi,2022,12,2022-12-01,36.6,chirps+openmeteo,27.46
004,Tana River,2019,1,2019-01-01,29.51,chirps+openmeteo,28.27
004,Tana River,2019,2,2019-02-01,6.19,chirps+openmeteo,28.62
004,Tana River,2019,3,2019-03-01,12.62,chirps+openmeteo,29.41
004,Tana River,2019,4,2019-04-01,62.29,chirps+openmeteo,29.43
004,Tana River,2019,5,2019-05-01,177.83,chirps+openmeteo,26.37
004,Tana River,2019,6,2019-06-01,49.97,chirps+openmeteo,26.41
004,Tana River,2019,7,2019-07-01,66.6,chirps+openmeteo,25.95
004,Tana River,2019,8,2019-08-01,34.02,chirps+openmeteo,25.85
004,Tana River,2019,9,2019-09-01,35.77,chirps+openmeteo,26.16
004,Tana River,2019,10,2019-10-01,230.62,chirps+openmeteo,26.15
004,Tana River,2019,11,2019-11-01,211.52,chirps+openmeteo,26.84
004,Tana River,2019,12,2019-12-01,144.25,chirps+openmeteo,27.49
004,Tana River,2020,1,2020-01-01,55.77,chirps+openmeteo,28.21
004,Tana River,2020,2,2020-02-01,8.11,chirps+openmeteo,28.49
004,Tana River,2020,3,2020-03-01,87.48,chirps+openmeteo,29.2
004,Tana River,2020,4,2020-04-01,196.09,chirps+openmeteo,27.71
004,Tana River,2020,5,2020-05-01,106.98,chirps+openmeteo,26.17
004,Tana River,2020,6,2020-06-01,58.23,chirps+openmeteo,25.92
004,Tana River,2020,7,2020-07-01,73.91,chirps+openmeteo,25.84
004,Tana River,2020,8,2020-08-01,28.65,chirps+openmeteo,25.45
004,Tana River,2020,9,2020-09-01,29.57,chirps+openmeteo,26.07
004,Tana River,2020,10,2020-10-01,18.89,chirps+openmeteo,27.44
004,Tana River,2020,11,2020-11-01,120.99,chirps+openmeteo,27.35
004,Tana River,2020,12,2020-12-01,48.32,chirps+openmeteo,28.01
004,Tana River,2021,1,2021-01-01,9.53,chirps+openmeteo,28.03
004,Tana River,2021,2,2021-02-01,6.31,chirps+openmeteo,28.37
004,Tana River,2021,3,2021-03-01,13.97,chirps+openmeteo,28.78
004,Tana River,2021,4,2021-04-01,62.26,chirps+openmeteo,28.42
004,Tana River,2021,5,2021-05-01,59.94,chirps+openmeteo,27.39
004,Tana River,2021,6,2021-06-01,63.76,chirps+openmeteo,25.8
004,Tana River,2021,7,2021-07-01,47.93,chirps+openmeteo,25.48
004,Tana River,2021,8,2021-08-01,26.41,chirps+openmeteo,25.53
004,Tana River,2021,9,2021-09-01,18.7,chirps+openmeteo,26.1
004,Tana River,2021,10,2021-10-01,13.55,chirps+openmeteo,27.15
004,Tana River,2021,11,2021-11-01,49.48,chirps+openmeteo,28.16
004,Tana River,2021,12,2021-12-01,215.52,chirps+openmeteo,26.95
004,Tana River,2022,1,2022-01-01,8.82,chirps+openmeteo,28.53
004,Tana River,2022,2,2022-02-01,9.35,chirps+openmeteo,28.65
004,Tana River,2022,3,2022-03-01,14.7,chirps+openmeteo,28.82
004,Tana River,2022,4,2022-04-01,64.91,chirps+openmeteo,28.45
004,Tana River,2022,5,2022-05-01,140.55,chirps+openmeteo,27.38
004,Tana River,2022,6,2022-06-01,58.38,chirps+openmeteo,26.02
004,Tana River,2022,7,2022-07-01,57.09,chirps+openmeteo,24.81
004,Tana River,2022,8,2022-08-01,26.73,chirps+openmeteo,25.14
004,Tana River,2022,9,2022-09-01,15.7,chirps+openmeteo,25.77
004,Tana River,2022,10,2022-10-01,20.66,chirps+openmeteo,26.49
004,Tana River,2022,11,2022-11-01,110.17,chirps+openmeteo,26.73
004,Tana River,2022,12,2022-12-01,26.79,chirps+openmeteo,27.86
005,Lamu,2019,1,2019-01-01,12.86,chirps+openmeteo,27.2
005,Lamu,2019,2,2019-02-01,2.94,chirps+openmeteo,27.49
005,Lamu,2019,3,2019-03-01,9.36,chirps+openmeteo,28.24
005,Lamu,2019,4,2019-04-01,41.84,chirps+openmeteo,28.73
005,Lamu,2019,5,2019-05-01,323.0,chirps+openmeteo,26.55
005,Lamu,2019,6,2019-06-01,57.67,chirps+openmeteo,26.2
005,Lamu,2019,7,2019-07-01,85.86,chirps+openmeteo,25.49
005,Lamu,2019,8,2019-08-01,30.25,chirps+openmeteo,25.31
005,Lamu,2019,9,2019-09-01,38.64,chirps+openmeteo,25.65
005,Lamu,2019,10,2019-10-01,118.37,chirps+openmeteo,26.1
005,Lamu,2019,11,2019-11-01,152.94,chirps+openmeteo,26.93
005,Lamu,2019,12,2019-12-01,73.21,chirps+openmeteo,27.67
005,Lamu,2020,1,2020-01-01,28.59,chirps+openmeteo,27.89
005,Lamu,2020,2,2020-02-01,2.88,chirps+openmeteo,28.28
005,Lamu,2020,3,2020-03-01,48.38,chirps+openmeteo,28.99
005,Lamu,2020,4,2020-04-01,254.32,chirps+openmeteo,27.69
005,Lamu,2020,5,2020-05-01,214.06,chirps+openmeteo,26.39
005,Lamu,2020,6,2020-06-01,96.61,chirps+openmeteo,25.84
005,Lamu,2020,7,2020-07-01,94.3,chirps+openmeteo,25.22
005,Lamu,2020,8,2020-08-01,34.28,chirps+openmeteo,24.91
005,Lamu,2020,9,2020-09-01,24.24,chirps+openmeteo,25.54
005,Lamu,2020,10,2020-10-01,24.95,chirps+openmeteo,26.66
005,Lamu,2020,11,2020-11-01,57.16,chirps+openmeteo,27.38
005,Lamu,2020,12,2020-12-01,19.64,chirps+openmeteo,27.9
005,Lamu,2021,1,2021-01-01,5.35,chirps+openmeteo,27.1
005,Lamu,2021,2,2021-02-01,3.04,chirps+openmeteo,27.09
005,Lamu,2021,3,2021-03-01,13.14,chirps+openmeteo,27.65
005,Lamu,2021,4,2021-04-01,42.07,chirps+openmeteo,27.35
005,Lamu,2021,5,2021-05-01,66.54,chirps+openmeteo,26.66
005,Lamu,2021,6,2021-06-01,91.59,chirps+openmeteo,25.46
005,Lamu,2021,7,2021-07-01,57.1,chirps+openmeteo,24.99
005,Lamu,2021,8,2021-08-01,21.4,chirps+openmeteo,25.09
005,Lamu,2021,9,2021-09-01,16.67,chirps+openmeteo,25.55
005,Lamu,2021,10,2021-10-01,14.93,chirps+openmeteo,26.61
005,Lamu,2021,11,2021-11-01,27.65,chirps+openmeteo,27.7
005,Lamu,2021,12,2021-12-01,137.77,chirps+openmeteo,27.26
005,Lamu,2022,1,2022-01-01,5.17,chirps+openmeteo,27.3
005,Lamu,2022,2,2022-02-01,3.7,chirps+openmeteo,27.25
005,Lamu,2022,3,2022-03-01,7.83,chirps+openmeteo,27.79
005,Lamu,2022,4,2022-04-01,56.98,chirps+openmeteo,28.18
005,Lamu,2022,5,2022-05-01,242.4,chirps+openmeteo,26.72
005,Lamu,2022,6,2022-06-01,87.29,chirps+openmeteo,25.57
005,Lamu,2022,7,2022-07-01,70.71,chirps+openmeteo,24.58
005,Lamu,2022,8,2022-08-01,21.47,chirps+openmeteo,24.59
005,Lamu,2022,9,2022-09-01,10.58,chirps+openmeteo,25.21
005,Lamu,2022,10,2022-10-01,18.44,chirps+openmeteo,25.89
005,Lamu,2022,11,2022-11-01,85.55,chirps+openmeteo,26.85
005,Lamu,2022,12,2022-12-01,14.93,chirps+openmeteo,27.62
006,Isiolo,2019,1,2019-01-01,41.8,chirps+openmeteo,24.13
006,Isiolo,2019,2,2019-02-01,29.01,chirps+openmeteo,25.23
006,Isiolo,2019,3,2019-03-01,24.55,chirps+openmeteo,26.14
006,Isiolo,2019,4,2019-04-01,135.34,chirps+openmeteo,25.41
006,Isiolo,2019,5,2019-05-01,71.43,chirps+openmeteo,24.3
006,Isiolo,2019,6,2019-06-01,25.59,chirps+openmeteo,22.85
006,Isiolo,2019,7,2019-07-01,10.21,chirps+openmeteo,22.93
006,Isiolo,2019,8,2019-08-01,12.05,chirps+openmeteo,23.2
006,Isiolo,2019,9,2019-09-01,14.99,chirps+openmeteo,23.91
006,Isiolo,2019,10,2019-10-01,327.48,chirps+openmeteo,22.73
006,Isiolo,2019,11,2019-11-01,399.8,chirps+openmeteo,21.53
006,Isiolo,2019,12,2019-12-01,238.0,chirps+openmeteo,21.24
006,Isiolo,2020,1,2020-01-01,89.03,chirps+openmeteo,22.05
006,Isiolo,2020,2,2020-02-01,65.58,chirps+openmeteo,23.22
006,Isiolo,2020,3,2020-03-01,145.46,chirps+openmeteo,24.19
006,Isiolo,2020,4,2020-04-01,433.99,chirps+openmeteo,23.07
006,Isiolo,2020,5,2020-05-01,86.42,chirps+openmeteo,23.38
006,Isiolo,2020,6,2020-06-01,21.72,chirps+openmeteo,23.32
006,Isiolo,2020,7,2020-07-01,15.27,chirps+openmeteo,22.46
006,Isiolo,2020,8,2020-08-01,26.31,chirps+openmeteo,22.5
006,Isiolo,2020,9,2020-09-01,16.07,chirps+openmeteo,23.46
006,Isiolo,2020,10,2020-10-01,94.94,chirps+openmeteo,24.38
006,Isiolo,2020,11,2020-11-01,164.71,chirps+openmeteo,22.41
006,Isiolo,2020,12,2020-12-01,71.09,chirps+openmeteo,23.35
006,Isiolo,2021,1,2021-01-01,39.17,chirps+openmeteo,23.75
006,Isiolo,2021,2,2021-02-01,30.65,chirps+openmeteo,24.62
006,Isiolo,2021,3,2021-03-01,55.39,chirps+openmeteo,25.51
006,Isiolo,2021,4,2021-04-01,140.29,chirps+openmeteo,24.07
006,Isiolo,2021,5,2021-05-01,144.79,chirps+openmeteo,22.97
006,Isiolo,2021,6,2021-06-01,5.17,chirps+openmeteo,22.59
006,Isiolo,2021,7,2021-07-01,11.64,chirps+openmeteo,22.21
006,Isiolo,2021,8,2021-08-01,8.2,chirps+openmeteo,23.26
006,Isiolo,2021,9,2021-09-01,7.06,chirps+openmeteo,23.85
006,Isiolo,2021,10,2021-10-01,67.24,chirps+openmeteo,24.94
006,Isiolo,2021,11,2021-11-01,128.92,chirps+openmeteo,24.4
006,Isiolo,2021,12,2021-12-01,160.3,chirps+openmeteo,22.09
006,Isiolo,2022,1,2022-01-01,37.2,chirps+openmeteo,23.45
006,Isiolo,2022,2,2022-02-01,21.26,chirps+openmeteo,25.87
006,Isiolo,2022,3,2022-03-01,39.55,chirps+openmeteo,25.97
006,Isiolo,2022,4,2022-04-01,130.75,chirps+openmeteo,24.64
006,Isiolo,2022,5,2022-05-01,25.08,chirps+openmeteo,24.45
006,Isiolo,2022,6,2022-06-01,5.7,chirps+openmeteo,23.05
006,Isiolo,2022,7,2022-07-01,12.93,chirps+openmeteo,21.92
006,Isiolo,2022,8,2022-08-01,20.93,chirps+openmeteo,22.1
006,Isiolo,2022,9,2022-09-01,9.63,chirps+openmeteo,23.22
006,Isiolo,2022,10,2022-10-01,38.19,chirps+openmeteo,24.38
006,Isiolo,2022,11,2022-11-01,222.98,chirps+openmeteo,22.45
006,Isiolo,2022,12,2022-12-01,93.82,chirps+openmeteo,23.04
007,Meru,2019,1,2019-01-01,47.23,chirps+openmeteo,20.03
007,Meru,2019,2,2019-02-01,34.9,chirps+openmeteo,21.17
007,Meru,2019,3,2019-03-01,26.08,chirps+openmeteo,22.21
007,Meru,2019,4,2019-04-01,173.78,chirps+openmeteo,21.9
007,Meru,2019,5,2019-05-01,112.58,chirps+openmeteo,20.39
007,Meru,2019,6,2019-06-01,28.94,chirps+openmeteo,19.5
007,Meru,2019,7,2019-07-01,15.42,chirps+openmeteo,19.59
007,Meru,2019,8,2019-08-01,18.21,chirps+openmeteo,19.77
007,Meru,2019,9,2019-09-01,24.6,chirps+openmeteo,20.5
007,Meru,2019,10,2019-10-01,448.32,chirps+openmeteo,19.66
007,Meru,2019,11,2019-11-01,489.65,chirps+openmeteo,19.47
007,Meru,2019,12,2019-12-01,275.49,chirps+openmeteo,19.71
007,Meru,2020,1,2020-01-01,111.45,chirps+openmeteo,20.23
007,Meru,2020,2,2020-02-01,73.9,chirps+openmeteo,20.43
007,Meru,2020,3,2020-03-01,153.77,chirps+openmeteo,21.0
007,Meru,2020,4,2020-04-01,565.49,chirps+openmeteo,20.32
007,Meru,2020,5,2020-05-01,133.59,chirps+openmeteo,20.31
007,Meru,2020,6,2020-06-01,27.12,chirps+openmeteo,19.78
007,Meru,2020,7,2020-07-01,24.3,chirps+openmeteo,19.4
007,Meru,2020,8,2020-08-01,34.7,chirps+openmeteo,19.29
007,Meru,2020,9,2020-09-01,28.48,chirps+openmeteo,19.91
007,Meru,2020,10,2020-10-01,112.7,chirps+openmeteo,20.9
007,Meru,2020,11,2020-11-01,229.91,chirps+openmeteo,19.51
007,Meru,2020,12,2020-12-01,80.17,chirps+openmeteo,19.53
007,Meru,2021,1,2021-01-01,43.78,chirps+openmeteo,19.75
007,Meru,2021,2,2021-02-01,32.31,chirps+openmeteo,21.14
007,Meru,2021,3,2021-03-01,63.6,chirps+openmeteo,21.83
007,Meru,2021,4,2021-04-01,203.74,chirps+openmeteo,20.73
007,Meru,2021,5,2021-05-01,207.83,chirps+openmeteo,19.73
007,Meru,2021,6,2021-06-01,7.58,chirps+openmeteo,19.21
007,Meru,2021,7,2021-07-01,19.57,chirps+openmeteo,19.05
007,Meru,2021,8,2021-08-01,13.78,chirps+openmeteo,19.97
007,Meru,2021,9,2021-09-01,12.37,chirps+openmeteo,20.84
007,Meru,2021,10,2021-10-01,87.11,chirps+openmeteo,21.56
007,Meru,2021,11,2021-11-01,160.15,chirps+openmeteo,21.16
007,Meru,2021,12,2021-12-01,217.52,chirps+openmeteo,19.14
007,Meru,2022,1,2022-01-01,41.69,chirps+openmeteo,20.38
007,Meru,2022,2,2022-02-01,25.67,chirps+openmeteo,21.82
007,Meru,2022,3,2022-03-01,42.96,chirps+openmeteo,22.19
007,Meru,2022,4,2022-04-01,195.71,chirps+openmeteo,21.38
007,Meru,2022,5,2022-05-01,36.29,chirps+openmeteo,20.93
007,Meru,2022,6,2022-06-01,8.54,chirps+openmeteo,19.91
007,Meru,2022,7,2022-07-01,21.11,chirps+openmeteo,18.73
007,Meru,2022,8,2022-08-01,31.26,chirps+openmeteo,18.65
007,Meru,2022,9,2022-09-01,16.56,chirps+openmeteo,20.27
007,Meru,2022,10,2022-10-01,47.91,chirps+openmeteo,20.95
007,Meru,2022,11,2022-11-01,286.87,chirps+openmeteo,19.29
007,Meru,2022,12,2022-12-01,99.48,chirps+openmeteo,19.32
008,Tharaka-Nithi,2019,1,2019-01-01,46.2,chirps+openmeteo,18.95
008,Tharaka-Nithi,2019,2,2019-02-01,29.15,chirps+openmeteo,19.85
008,Tharaka-Nithi,2019,3,2019-03-01,27.69,chirps+openmeteo,20.84
008,Tharaka-Nithi,2019,4,2019-04-01,201.08,chirps+openmeteo,20.2
008,Tharaka-Nithi,2019,5,2019-05-01,144.93,chirps+openmeteo,18.64
008,Tharaka-Nithi,2019,6,2019-06-01,36.11,chirps+openmeteo,17.54
008,Tharaka-Nithi,2019,7,2019-07-01,21.32,chirps+openmeteo,17.29
008,Tharaka-Nithi,2019,8,2019-08-01,26.66,chirps+openmeteo,17.46
008,Tharaka-Nithi,2019,9,2019-09-01,39.61,chirps+openmeteo,18.23
008,Tharaka-Nithi,2019,10,2019-10-01,468.92,chirps+openmeteo,18.17
008,Tharaka-Nithi,2019,11,2019-11-01,458.1,chirps+openmeteo,18.07
008,Tharaka-Nithi,2019,12,2019-12-01,273.01,chirps+openmeteo,18.15
008,Tharaka-Nithi,2020,1,2020-01-01,111.31,chirps+openmeteo,18.71
008,Tharaka-Nithi,2020,2,2020-02-01,69.08,chirps+openmeteo,19.29
008,Tharaka-Nithi,2020,3,2020-03-01,156.77,chirps+openmeteo,19.58
008,Tharaka-Nithi,2020,4,2020-04-01,582.38,chirps+openmeteo,18.88
008,Tharaka-Nithi,2020,5,2020-05-01,184.18,chirps+openmeteo,18.75
008,Tharaka-Nithi,2020,6,2020-06-01,39.26,chirps+openmeteo,17.82
008,Tharaka-Nithi,2020,7,2020-07-01,33.02,chirps+openmeteo,16.99
008,Tharaka-Nithi,2020,8,2020-08-01,40.29,chirps+openmeteo,17.18
008,Tharaka-Nithi,2020,9,2020-09-01,42.1,chirps+openmeteo,17.85
008,Tharaka-Nithi,2020,10,2020-10-01,108.73,chirps+openmeteo,18.89
008,Tharaka-Nithi,2020,11,2020-11-01,236.47,chirps+openmeteo,18.14
008,Tharaka-Nithi,2020,12,2020-12-01,74.01,chirps+openmeteo,18.53
008,Tharaka-Nithi,2021,1,2021-01-01,46.63,chirps+openmeteo,18.71
008,Tharaka-Nithi,2021,2,2021-02-01,37.43,chirps+openmeteo,19.73
008,Tharaka-Nithi,2021,3,2021-03-01,66.73,chirps+openmeteo,20.07
008,Tharaka-Nithi,2021,4,2021-04-01,237.79,chirps+openmeteo,19.01
008,Tharaka-Nithi,2021,5,2021-05-01,224.49,chirps+openmeteo,18.03
008,Tharaka-Nithi,2021,6,2021-06-01,11.29,chirps+openmeteo,16.82
008,Tharaka-Nithi,2021,7,2021-07-01,30.68,chirps+openmeteo,16.29
008,Tharaka-Nithi,2021,8,2021-08-01,20.67,chirps+openmeteo,17.09
008,Tharaka-Nithi,2021,9,2021-09-01,19.32,chirps+openmeteo,17.9
008,Tharaka-Nithi,2021,10,2021-10-01,94.3,chirps+openmeteo,19.11
008,Tharaka-Nithi,2021,11,2021-11-01,154.05,chirps+openmeteo,19.03
008,Tharaka-Nithi,2021,12,2021-12-01,202.91,chirps+openmeteo,17.75
008,Tharaka-Nithi,2022,1,2022-01-01,37.89,chirps+openmeteo,18.84
008,Tharaka-Nithi,2022,2,2022-02-01,25.34,chirps+openmeteo,19.91
008,Tharaka-Nithi,2022,3,2022-03-01,45.56,chirps+openmeteo,20.37
008,Tharaka-Nithi,2022,4,2022-04-01,236.73,chirps+openmeteo,19.25
008,Tharaka-Nithi,2022,5,2022-05-01,46.7,chirps+openmeteo,18.76
008,Tharaka-Nithi,2022,6,2022-06-01,12.96,chirps+openmeteo,17.25
008,Tharaka-Nithi,2022,7,2022-07-01,30.12,chirps+openmeteo,15.98
008,Tharaka-Nithi,2022,8,2022-08-01,38.5,chirps+openmeteo,15.95
008,Tharaka-Nithi,2022,9,2022-09-01,24.94,chirps+openmeteo,17.27
008,Tharaka-Nithi,2022,10,2022-10-01,53.16,chirps+openmeteo,18.52
008,Tharaka-Nithi,2022,11,2022-11-01,284.38,chirps+openmeteo,17.51
008,Tharaka-Nithi,2022,12,2022-12-01,78.12,chirps+openmeteo,17.97
009,Embu,2019,1,2019-01-01,42.76,chirps+openmeteo,20.73
009,Embu,2019,2,2019-02-01,24.92,chirps+openmeteo,22.01
009,Embu,2019,3,2019-03-01,27.47,chirps+openmeteo,23.13
009,Embu,2019,4,2019-04-01,207.39,chirps+openmeteo,21.93
009,Embu,2019,5,2019-05-01,145.59,chirps+openmeteo,20.0
009,Embu,2019,6,2019-06-01,36.01,chirps+openmeteo,18.97
009,Embu,2019,7,2019-07-01,23.89,chirps+openmeteo,18.8
009,Embu,2019,8,2019-08-01,27.46,chirps+openmeteo,19.03
009,Embu,2019,9,2019-09-01,38.47,chirps+openmeteo,19.75
009,Embu,2019,10,2019-10-01,429.64,chirps+openmeteo,19.52
009,Embu,2019,11,2019-11-01,402.85,chirps+openmeteo,19.7
009,Embu,2019,12,2019-12-01,250.96,chirps+openmeteo,19.64
009,Embu,2020,1,2020-01-01,104.37,chirps+openmeteo,20.42
009,Embu,2020,2,2020-02-01,64.38,chirps+openmeteo,21.26
009,Embu,2020,3,2020-03-01,160.91,chirps+openmeteo,21.26
009,Embu,2020,4,2020-04-01,542.62,chirps+openmeteo,20.36
009,Embu,2020,5,2020-05-01,194.79,chirps+openmeteo,20.11
009,Embu,2020,6,2020-06-01,45.77,chirps+openmeteo,19.21
009,Embu,2020,7,2020-07-01,31.98,chirps+openmeteo,18.68
009,Embu,2020,8,2020-08-01,37.1,chirps+openmeteo,18.96
009,Embu,2020,9,2020-09-01,39.37,chirps+openmeteo,19.56
009,Embu,2020,10,2020-10-01,98.38,chirps+openmeteo,20.47
009,Embu,2020,11,2020-11-01,209.1,chirps+openmeteo,19.74
009,Embu,2020,12,2020-12-01,66.38,chirps+openmeteo,20.06
009,Embu,2021,1,2021-01-01,51.53,chirps+openmeteo,20.6
009,Embu,2021,2,2021-02-01,42.48,chirps+openmeteo,21.36
009,Embu,2021,3,2021-03-01,63.15,chirps+openmeteo,22.06
009,Embu,2021,4,2021-04-01,225.2,chirps+openmeteo,20.47
009,Embu,2021,5,2021-05-01,217.06,chirps+openmeteo,19.42
009,Embu,2021,6,2021-06-01,12.0,chirps+openmeteo,18.19
009,Embu,2021,7,2021-07-01,34.56,chirps+openmeteo,17.92
009,Embu,2021,8,2021-08-01,21.59,chirps+openmeteo,18.72
009,Embu,2021,9,2021-09-01,18.21,chirps+openmeteo,19.63
009,Embu,2021,10,2021-10-01,85.65,chirps+openmeteo,20.78
009,Embu,2021,11,2021-11-01,140.2,chirps+openmeteo,20.8
009,Embu,2021,12,2021-12-01,161.29,chirps+openmeteo,19.47
009,Embu,2022,1,2022-01-01,34.35,chirps+openmeteo,20.67
009,Embu,2022,2,2022-02-01,24.32,chirps+openmeteo,22.06
009,Embu,2022,3,2022-03-01,46.52,chirps+openmeteo,22.75
009,Embu,2022,4,2022-04-01,233.1,chirps+openmeteo,21.01
009,Embu,2022,5,2022-05-01,51.07,chirps+openmeteo,20.09
009,Embu,2022,6,2022-06-01,13.71,chirps+openmeteo,18.67
009,Embu,2022,7,2022-07-01,30.01,chirps+openmeteo,17.73
009,Embu,2022,8,2022-08-01,35.3,chirps+openmeteo,17.79
009,Embu,2022,9,2022-09-01,23.18,chirps+openmeteo,19.09
009,Embu,2022,10,2022-10-01,48.37,chirps+openmeteo,20.32
009,Embu,2022,11,2022-11-01,269.27,chirps+openmeteo,19.15
009,Embu,2022,12,2022-12-01,58.16,chirps+openmeteo,19.78
010,Kitui,2019,1,2019-01-01,18.39,chirps+openmeteo,21.86
010,Kitui,2019,2,2019-02-01,18.62,chirps+openmeteo,22.7
010,Kitui,2019,3,2019-03-01,12.13,chirps+openmeteo,23.82
010,Kitui,2019,4,2019-04-01,123.35,chirps+openmeteo,22.84
010,Kitui,2019,5,2019-05-01,25.28,chirps+openmeteo,20.99
010,Kitui,2019,6,2019-06-01,4.7,chirps+openmeteo,20.54
010,Kitui,2019,7,2019-07-01,12.16,chirps+openmeteo,20.32
010,Kitui,2019,8,2019-08-01,7.65,chirps+openmeteo,20.27
010,Kitui,2019,9,2019-09-01,3.8,chirps+openmeteo,21.21
010,Kitui,2019,10,2019-10-01,223.73,chirps+openmeteo,20.82
010,Kitui,2019,11,2019-11-01,374.78,chirps+openmeteo,21.02
010,Kitui,2019,12,2019-12-01,279.74,chirps+openmeteo,21.42
010,Kitui,2020,1,2020-01-01,75.7,chirps+openmeteo,21.81
010,Kitui,2020,2,2020-02-01,43.85,chirps+openmeteo,22.28
010,Kitui,2020,3,2020-03-01,185.17,chirps+openmeteo,22.51
010,Kitui,2020,4,2020-04-01,243.03,chirps+openmeteo,21.57
010,Kitui,2020,5,2020-05-01,29.52,chirps+openmeteo,21.2
010,Kitui,2020,6,2020-06-01,6.37,chirps+openmeteo,20.53
010,Kitui,2020,7,2020-07-01,9.88,chirps+openmeteo,20.05
010,Kitui,2020,8,2020-08-01,6.66,chirps+openmeteo,20.13
010,Kitui,2020,9,2020-09-01,3.93,chirps+openmeteo,20.73
010,Kitui,2020,10,2020-10-01,28.76,chirps+openmeteo,22.3
010,Kitui,2020,11,2020-11-01,214.83,chirps+openmeteo,21.24
010,Kitui,2020,12,2020-12-01,90.86,chirps+openmeteo,21.29
010,Kitui,2021,1,2021-01-01,15.78,chirps+openmeteo,21.64
010,Kitui,2021,2,2021-02-01,22.54,chirps+openmeteo,22.49
010,Kitui,2021,3,2021-03-01,31.01,chirps+openmeteo,23.3
010,Kitui,2021,4,2021-04-01,136.35,chirps+openmeteo,22.04
010,Kitui,2021,5,2021-05-01,79.69,chirps+openmeteo,20.88
010,Kitui,2021,6,2021-06-01,2.71,chirps+openmeteo,19.68
010,Kitui,2021,7,2021-07-01,11.49,chirps+openmeteo,19.54
010,Kitui,2021,8,2021-08-01,6.12,chirps+openmeteo,20.28
010,Kitui,2021,9,2021-09-01,2.88,chirps+openmeteo,21.09
010,Kitui,2021,10,2021-10-01,28.85,chirps+openmeteo,22.27
010,Kitui,2021,11,2021-11-01,149.61,chirps+openmeteo,22.48
010,Kitui,2021,12,2021-12-01,227.81,chirps+openmeteo,20.73
010,Kitui,2022,1,2022-01-01,15.37,chirps+openmeteo,22.52
010,Kitui,2022,2,2022-02-01,17.52,chirps+openmeteo,23.75
010,Kitui,2022,3,2022-03-01,23.42,chirps+openmeteo,23.97
010,Kitui,2022,4,2022-04-01,162.18,chirps+openmeteo,22.32
010,Kitui,2022,5,2022-05-01,15.78,chirps+openmeteo,21.61
010,Kitui,2022,6,2022-06-01,3.0,chirps+openmeteo,20.25
010,Kitui,2022,7,2022-07-01,7.32,chirps+openmeteo,19.19
010,Kitui,2022,8,2022-08-01,6.56,chirps+openmeteo,19.24
010,Kitui,2022,9,2022-09-01,3.03,chirps+openmeteo,20.49
010,Kitui,2022,10,2022-10-01,20.27,chirps+openmeteo,21.49
010,Kitui,2022,11,2022-11-01,192.41,chirps+openmeteo,20.69
010,Kitui,2022,12,2022-12-01,64.04,chirps+openmeteo,21.52
011,Machakos,2019,1,2019-01-01,15.77,chirps+openmeteo,18.7
011,Machakos,2019,2,2019-02-01,22.89,chirps+openmeteo,19.54
011,Machakos,2019,3,2019-03-01,18.92,chirps+openmeteo,20.75
011,Machakos,2019,4,2019-04-01,135.89,chirps+openmeteo,19.69
011,Machakos,2019,5,2019-05-01,36.86,chirps+openmeteo,18.08
011,Machakos,2019,6,2019-06-01,18.7,chirps+openmeteo,17.17
011,Machakos,2019,7,2019-07-01,14.56,chirps+openmeteo,17.04
011,Machakos,2019,8,2019-08-01,10.7,chirps+openmeteo,17.14
011,Machakos,2019,9,2019-09-01,12.32,chirps+openmeteo,18.18
011,Machakos,2019,10,2019-10-01,230.83,chirps+openmeteo,17.93
011,Machakos,2019,11,2019-11-01,305.02,chirps+openmeteo,18.14
011,Machakos,2019,12,2019-12-01,271.17,chirps+openmeteo,18.21
011,Machakos,2020,1,2020-01-01,147.28,chirps+openmeteo,18.56
011,Machakos,2020,2,2020-02-01,70.4,chirps+openmeteo,18.97
011,Machakos,2020,3,2020-03-01,190.68,chirps+openmeteo,19.24
011,Machakos,2020,4,2020-04-01,280.83,chirps+openmeteo,18.58
011,Machakos,2020,5,2020-05-01,48.33,chirps+openmeteo,17.84
011,Machakos,2020,6,2020-06-01,18.1,chirps+openmeteo,17.0
011,Machakos,2020,7,2020-07-01,9.71,chirps+openmeteo,16.32
011,Machakos,2020,8,2020-08-01,5.69,chirps+openmeteo,16.93
011,Machakos,2020,9,2020-09-01,10.27,chirps+openmeteo,17.66
011,Machakos,2020,10,2020-10-01,33.57,chirps+openmeteo,19.31
011,Machakos,2020,11,2020-11-01,157.34,chirps+openmeteo,18.25
011,Machakos,2020,12,2020-12-01,74.2,chirps+openmeteo,18.24
011,Machakos,2021,1,2021-01-01,33.38,chirps+openmeteo,18.3
011,Machakos,2021,2,2021-02-01,55.6,chirps+openmeteo,19.06
011,Machakos,2021,3,2021-03-01,56.6,chirps+openmeteo,19.68
011,Machakos,2021,4,2021-04-01,130.88,chirps+openmeteo,18.86
011,Machakos,2021,5,2021-05-01,142.96,chirps+openmeteo,17.7
011,Machakos,2021,6,2021-06-01,4.96,chirps+openmeteo,16.23
011,Machakos,2021,7,2021-07-01,13.8,chirps+openmeteo,15.76
011,Machakos,2021,8,2021-08-01,7.94,chirps+openmeteo,16.85
011,Machakos,2021,9,2021-09-01,3.79,chirps+openmeteo,17.85
011,Machakos,2021,10,2021-10-01,33.65,chirps+openmeteo,19.31
011,Machakos,2021,11,2021-11-01,159.07,chirps+openmeteo,19.29
011,Machakos,2021,12,2021-12-01,135.08,chirps+openmeteo,17.78
011,Machakos,2022,1,2022-01-01,26.73,chirps+openmeteo,18.68
011,Machakos,2022,2,2022-02-01,43.66,chirps+openmeteo,19.85
011,Machakos,2022,3,2022-03-01,43.9,chirps+openmeteo,20.12
011,Machakos,2022,4,2022-04-01,135.58,chirps+openmeteo,18.99
011,Machakos,2022,5,2022-05-01,30.33,chirps+openmeteo,18.62
011,Machakos,2022,6,2022-06-01,5.27,chirps+openmeteo,16.91
011,Machakos,2022,7,2022-07-01,5.14,chirps+openmeteo,15.81
011,Machakos,2022,8,2022-08-01,4.84,chirps+openmeteo,15.91
011,Machakos,2022,9,2022-09-01,5.4,chirps+openmeteo,17.36
011,Machakos,2022,10,2022-10-01,24.72,chirps+openmeteo,18.98
011,Machakos,2022,11,2022-11-01,178.24,chirps+openmeteo,17.61
011,Machakos,2022,12,2022-12-01,41.85,chirps+openmeteo,17.94
012,Makueni,2019,1,2019-01-01,14.16,chirps+openmeteo,22.06
012,Makueni,2019,2,2019-02-01,18.71,chirps+openmeteo,23.29
012,Makueni,2019,3,2019-03-01,14.89,chirps+openmeteo,24.78
012,Makueni,2019,4,2019-04-01,108.97,chirps+openmeteo,23.28
012,Makueni,2019,5,2019-05-01,23.11,chirps+openmeteo,21.04
012,Makueni,2019,6,2019-06-01,5.47,chirps+openmeteo,20.66
012,Makueni,2019,7,2019-07-01,7.25,chirps+openmeteo,20.8
012,Makueni,2019,8,2019-08-01,6.0,chirps+openmeteo,20.77
012,Makueni,2019,9,2019-09-01,4.83,chirps+openmeteo,21.84
012,Makueni,2019,10,2019-10-01,149.3,chirps+openmeteo,20.87
012,Makueni,2019,11,2019-11-01,275.55,chirps+openmeteo,21.0
012,Makueni,2019,12,2019-12-01,276.71,chirps+openmeteo,21.06
012,Makueni,2020,1,2020-01-01,123.26,chirps+openmeteo,21.46
012,Makueni,2020,2,2020-02-01,63.75,chirps+openmeteo,21.76
012,Makueni,2020,3,2020-03-01,162.58,chirps+openmeteo,22.1
012,Makueni,2020,4,2020-04-01,210.8,chirps+openmeteo,21.37
012,Makueni,2020,5,2020-05-01,23.46,chirps+openmeteo,20.82
012,Makueni,2020,6,2020-06-01,6.65,chirps+openmeteo,20.18
012,Makueni,2020,7,2020-07-01,5.82,chirps+openmeteo,19.7
012,Makueni,2020,8,2020-08-01,3.32,chirps+openmeteo,20.35
012,Makueni,2020,9,2020-09-01,4.09,chirps+openmeteo,21.02
012,Makueni,2020,10,2020-10-01,19.77,chirps+openmeteo,22.63
012,Makueni,2020,11,2020-11-01,176.62,chirps+openmeteo,21.19
012,Makueni,2020,12,2020-12-01,102.05,chirps+openmeteo,20.91
012,Makueni,2021,1,2021-01-01,27.88,chirps+openmeteo,21.29
012,Makueni,2021,2,2021-02-01,39.38,chirps+openmeteo,22.15
012,Makueni,2021,3,2021-03-01,44.45,chirps+openmeteo,23.45
012,Makueni,2021,4,2021-04-01,104.52,chirps+openmeteo,22.49
012,Makueni,2021,5,2021-05-01,82.76,chirps+openmeteo,21.18
012,Makueni,2021,6,2021-06-01,3.11,chirps+openmeteo,20.33
012,Makueni,2021,7,2021-07-01,7.15,chirps+openmeteo,19.97
012,Makueni,2021,8,2021-08-01,3.87,chirps+openmeteo,20.74
012,Makueni,2021,9,2021-09-01,2.56,chirps+openmeteo,21.56
012,Makueni,2021,10,2021-10-01,23.13,chirps+openmeteo,23.03
012,Makueni,2021,11,2021-11-01,158.93,chirps+openmeteo,23.11
012,Makueni,2021,12,2021-12-01,154.93,chirps+openmeteo,20.99
012,Makueni,2022,1,2022-01-01,20.65,chirps+openmeteo,22.66
012,Makueni,2022,2,2022-02-01,41.41,chirps+openmeteo,24.01
012,Makueni,2022,3,2022-03-01,28.57,chirps+openmeteo,24.34
012,Makueni,2022,4,2022-04-01,113.76,chirps+openmeteo,22.49
012,Makueni,2022,5,2022-05-01,17.45,chirps+openmeteo,22.12
012,Makueni,2022,6,2022-06-01,3.33,chirps+openmeteo,20.9
012,Makueni,2022,7,2022-07-01,3.07,chirps+openmeteo,19.76
012,Makueni,2022,8,2022-08-01,3.03,chirps+openmeteo,19.9
012,Makueni,2022,9,2022-09-01,2.88,chirps+openmeteo,21.21
012,Makueni,2022,10,2022-10-01,20.88,chirps+openmeteo,22.37
012,Makueni,2022,11,2022-11-01,139.64,chirps+openmeteo,20.9
012,Makueni,2022,12,2022-12-01,56.16,chirps+openmeteo,21.55
013,Wajir,2019,1,2019-01-01,3.63,chirps+openmeteo,30.0
013,Wajir,2019,2,2019-02-01,3.7,chirps+openmeteo,30.59
013,Wajir,2019,3,2019-03-01,13.57,chirps+openmeteo,31.1
013,Wajir,2019,4,2019-04-01,65.15,chirps+openmeteo,30.36
013,Wajir,2019,5,2019-05-01,27.34,chirps+openmeteo,28.03
013,Wajir,2019,6,2019-06-01,0.93,chirps+openmeteo,28.3
013,Wajir,2019,7,2019-07-01,1.63,chirps+openmeteo,27.37
013,Wajir,2019,8,2019-08-01,1.29,chirps+openmeteo,27.76
013,Wajir,2019,9,2019-09-01,4.42,chirps+openmeteo,28.07
013,Wajir,2019,10,2019-10-01,128.69,chirps+openmeteo,26.56
013,Wajir,2019,11,2019-11-01,222.33,chirps+openmeteo,26.01
013,Wajir,2019,12,2019-12-01,35.11,chirps+openmeteo,27.22
013,Wajir,2020,1,2020-01-01,8.19,chirps+openmeteo,28.61
013,Wajir,2020,2,2020-02-01,4.42,chirps+openmeteo,30.73
013,Wajir,2020,3,2020-03-01,60.49,chirps+openmeteo,30.44
013,Wajir,2020,4,2020-04-01,279.13,chirps+openmeteo,28.02
013,Wajir,2020,5,2020-05-01,7.85,chirps+openmeteo,28.45
013,Wajir,2020,6,2020-06-01,0.98,chirps+openmeteo,28.24
013,Wajir,2020,7,2020-07-01,1.6,chirps+openmeteo,27.41
013,Wajir,2020,8,2020-08-01,1.3,chirps+openmeteo,27.4
013,Wajir,2020,9,2020-09-01,2.07,chirps+openmeteo,28.21
013,Wajir,2020,10,2020-10-01,12.68,chirps+openmeteo,29.52
013,Wajir,2020,11,2020-11-01,42.3,chirps+openmeteo,27.04
013,Wajir,2020,12,2020-12-01,22.82,chirps+openmeteo,29.42
013,Wajir,2021,1,2021-01-01,1.78,chirps+openmeteo,29.88
013,Wajir,2021,2,2021-02-01,3.09,chirps+openmeteo,30.71
013,Wajir,2021,3,2021-03-01,9.91,chirps+openmeteo,30.75
013,Wajir,2021,4,2021-04-01,68.14,chirps+openmeteo,28.43
013,Wajir,2021,5,2021-05-01,18.65,chirps+openmeteo,28.7
013,Wajir,2021,6,2021-06-01,1.12,chirps+openmeteo,27.27
013,Wajir,2021,7,2021-07-01,1.54,chirps+openmeteo,26.88
013,Wajir,2021,8,2021-08-01,1.27,chirps+openmeteo,27.49
013,Wajir,2021,9,2021-09-01,2.23,chirps+openmeteo,28.11
013,Wajir,2021,10,2021-10-01,6.68,chirps+openmeteo,29.28
013,Wajir,2021,11,2021-11-01,39.06,chirps+openmeteo,29.21
013,Wajir,2021,12,2021-12-01,96.81,chirps+openmeteo,27.77
013,Wajir,2022,1,2022-01-01,7.36,chirps+openmeteo,29.58
013,Wajir,2022,2,2022-02-01,3.14,chirps+openmeteo,30.8
013,Wajir,2022,3,2022-03-01,11.08,chirps+openmeteo,30.94
013,Wajir,2022,4,2022-04-01,62.67,chirps+openmeteo,29.73
013,Wajir,2022,5,2022-05-01,31.19,chirps+openmeteo,28.43
013,Wajir,2022,6,2022-06-01,0.94,chirps+openmeteo,27.53
013,Wajir,2022,7,2022-07-01,2.12,chirps+openmeteo,26.38
013,Wajir,2022,8,2022-08-01,1.29,chirps+openmeteo,27.03
013,Wajir,2022,9,2022-09-01,2.04,chirps+openmeteo,27.93
013,Wajir,2022,10,2022-10-01,6.58,chirps+openmeteo,28.34
013,Wajir,2022,11,2022-11-01,44.73,chirps+openmeteo,28.41
013,Wajir,2022,12,2022-12-01,28.7,chirps+openmeteo,29.21
014,Mandera,2019,1,2019-01-01,0.99,chirps+openmeteo,30.34
014,Mandera,2019,2,2019-02-01,1.45,chirps+openmeteo,31.86
014,Mandera,2019,3,2019-03-01,4.74,chirps+openmeteo,32.31
014,Mandera,2019,4,2019-04-01,52.77,chirps+openmeteo,31.5
014,Mandera,2019,5,2019-05-01,51.11,chirps+openmeteo,28.42
014,Mandera,2019,6,2019-06-01,1.33,chirps+openmeteo,29.66
014,Mandera,2019,7,2019-07-01,1.13,chirps+openmeteo,28.95
014,Mandera,2019,8,2019-08-01,0.74,chirps+openmeteo,29.49
014,Mandera,2019,9,2019-09-01,1.8,chirps+openmeteo,30.08
014,Mandera,2019,10,2019-10-01,160.8,chirps+openmeteo,26.5
014,Mandera,2019,11,2019-11-01,115.36,chirps+openmeteo,25.92
014,Mandera,2019,12,2019-12-01,18.68,chirps+openmeteo,27.05
014,Mandera,2020,1,2020-01-01,0.98,chirps+openmeteo,30.31
014,Mandera,2020,2,2020-02-01,1.24,chirps+openmeteo,31.82
014,Mandera,2020,3,2020-03-01,31.92,chirps+openmeteo,32.04
014,Mandera,2020,4,2020-04-01,159.52,chirps+openmeteo,29.22
014,Mandera,2020,5,2020-05-01,18.11,chirps+openmeteo,29.49
014,Mandera,2020,6,2020-06-01,1.58,chirps+openmeteo,29.81
014,Mandera,2020,7,2020-07-01,0.9,chirps+openmeteo,28.84
014,Mandera,2020,8,2020-08-01,0.74,chirps+openmeteo,28.81
014,Mandera,2020,9,2020-09-01,1.05,chirps+openmeteo,30.02
014,Mandera,2020,10,2020-10-01,35.24,chirps+openmeteo,29.88
014,Mandera,2020,11,2020-11-01,14.42,chirps+openmeteo,27.42
014,Mandera,2020,12,2020-12-01,1.43,chirps+openmeteo,30.08
014,Mandera,2021,1,2021-01-01,1.2,chirps+openmeteo,30.55
014,Mandera,2021,2,2021-02-01,1.22,chirps+openmeteo,31.62
014,Mandera,2021,3,2021-03-01,5.53,chirps+openmeteo,31.91
014,Mandera,2021,4,2021-04-01,97.88,chirps+openmeteo,29.54
014,Mandera,2021,5,2021-05-01,44.35,chirps+openmeteo,28.57
014,Mandera,2021,6,2021-06-01,1.35,chirps+openmeteo,29.11
014,Mandera,2021,7,2021-07-01,0.61,chirps+openmeteo,28.25
014,Mandera,2021,8,2021-08-01,0.65,chirps+openmeteo,29.24
014,Mandera,2021,9,2021-09-01,1.06,chirps+openmeteo,30.03
014,Mandera,2021,10,2021-10-01,13.35,chirps+openmeteo,30.45
014,Mandera,2021,11,2021-11-01,19.35,chirps+openmeteo,30.11
014,Mandera,2021,12,2021-12-01,2.4,chirps+openmeteo,30.14
014,Mandera,2022,1,2022-01-01,1.14,chirps+openmeteo,30.88
014,Mandera,2022,2,2022-02-01,1.53,chirps+openmeteo,31.51
014,Mandera,2022,3,2022-03-01,8.32,chirps+openmeteo,32.03
014,Mandera,2022,4,2022-04-01,52.46,chirps+openmeteo,31.35
014,Mandera,2022,5,2022-05-01,20.48,chirps+openmeteo,29.69
014,Mandera,2022,6,2022-06-01,1.5,chirps+openmeteo,28.89
014,Mandera,2022,7,2022-07-01,0.78,chirps+openmeteo,27.98
014,Mandera,2022,8,2022-08-01,0.73,chirps+openmeteo,28.64
014,Mandera,2022,9,2022-09-01,1.05,chirps+openmeteo,29.81
014,Mandera,2022,10,2022-10-01,34.37,chirps+openmeteo,28.16
014,Mandera,2022,11,2022-11-01,6.46,chirps+openmeteo,29.24
014,Mandera,2022,12,2022-12-01,2.03,chirps+openmeteo,30.06
015,Marsabit,2019,1,2019-01-01,14.88,chirps+openmeteo,22.48
015,Marsabit,2019,2,2019-02-01,15.31,chirps+openmeteo,22.75
015,Marsabit,2019,3,2019-03-01,22.73,chirps+openmeteo,23.19
015,Marsabit,2019,4,2019-04-01,82.45,chirps+openmeteo,22.24
015,Marsabit,2019,5,2019-05-01,17.82,chirps+openmeteo,21.07
015,Marsabit,2019,6,2019-06-01,1.02,chirps+openmeteo,20.99
015,Marsabit,2019,7,2019-07-01,2.66,chirps+openmeteo,20.29
015,Marsabit,2019,8,2019-08-01,1.54,chirps+openmeteo,20.51
015,Marsabit,2019,9,2019-09-01,1.75,chirps+openmeteo,20.99
015,Marsabit,2019,10,2019-10-01,163.32,chirps+openmeteo,19.43
015,Marsabit,2019,11,2019-11-01,122.57,chirps+openmeteo,19.43
015,Marsabit,2019,12,2019-12-01,75.49,chirps+openmeteo,20.16
015,Marsabit,2020,1,2020-01-01,39.53,chirps+openmeteo,20.83
015,Marsabit,2020,2,2020-02-01,9.44,chirps+openmeteo,21.9
015,Marsabit,2020,3,2020-03-01,87.15,chirps+openmeteo,21.93
015,Marsabit,2020,4,2020-04-01,261.76,chirps+openmeteo,20.64
015,Marsabit,2020,5,2020-05-01,15.71,chirps+openmeteo,20.88
015,Marsabit,2020,6,2020-06-01,2.26,chirps+openmeteo,20.5
015,Marsabit,2020,7,2020-07-01,4.31,chirps+openmeteo,20.13
015,Marsabit,2020,8,2020-08-01,2.33,chirps+openmeteo,20.15
015,Marsabit,2020,9,2020-09-01,1.9,chirps+openmeteo,20.91
015,Marsabit,2020,10,2020-10-01,67.17,chirps+openmeteo,21.67
015,Marsabit,2020,11,2020-11-01,45.05,chirps+openmeteo,19.79
015,Marsabit,2020,12,2020-12-01,40.64,chirps+openmeteo,21.38
015,Marsabit,2021,1,2021-01-01,9.43,chirps+openmeteo,22.11
015,Marsabit,2021,2,2021-02-01,13.47,chirps+openmeteo,23.13
015,Marsabit,2021,3,2021-03-01,13.88,chirps+openmeteo,22.75
015,Marsabit,2021,4,2021-04-01,46.37,chirps+openmeteo,20.95
015,Marsabit,2021,5,2021-05-01,32.6,chirps+openmeteo,20.55
015,Marsabit,2021,6,2021-06-01,1.92,chirps+openmeteo,19.93
015,Marsabit,2021,7,2021-07-01,3.79,chirps+openmeteo,19.46
015,Marsabit,2021,8,2021-08-01,2.77,chirps+openmeteo,20.4
015,Marsabit,2021,9,2021-09-01,1.58,chirps+openmeteo,21.11
015,Marsabit,2021,10,2021-10-01,21.47,chirps+openmeteo,22.21
015,Marsabit,2021,11,2021-11-01,58.27,chirps+openmeteo,21.82
015,Marsabit,2021,12,2021-12-01,32.65,chirps+openmeteo,20.21
015,Marsabit,2022,1,2022-01-01,26.63,chirps+openmeteo,21.82
015,Marsabit,2022,2,2022-02-01,11.42,chirps+openmeteo,23.84
015,Marsabit,2022,3,2022-03-01,19.07,chirps+openmeteo,23.65
015,Marsabit,2022,4,2022-04-01,83.0,chirps+openmeteo,22.05
015,Marsabit,2022,5,2022-05-01,27.17,chirps+openmeteo,21.36
015,Marsabit,2022,6,2022-06-01,1.99,chirps+openmeteo,20.35
015,Marsabit,2022,7,2022-07-01,4.35,chirps+openmeteo,19.27
015,Marsabit,2022,8,2022-08-01,2.81,chirps+openmeteo,19.8
015,Marsabit,2022,9,2022-09-01,1.53,chirps+openmeteo,20.74
015,Marsabit,2022,10,2022-10-01,25.6,chirps+openmeteo,20.92
015,Marsabit,2022,11,2022-11-01,38.23,chirps+openmeteo,20.45
015,Marsabit,2022,12,2022-12-01,38.67,chirps+openmeteo,21.39
016,Garissa,2019,1,2019-01-01,7.06,chirps+openmeteo,29.76
016,Garissa,2019,2,2019-02-01,7.78,chirps+openmeteo,30.2
016,Garissa,2019,3,2019-03-01,9.67,chirps+openmeteo,31.05
016,Garissa,2019,4,2019-04-01,39.67,chirps+openmeteo,30.56
016,Garissa,2019,5,2019-05-01,1.03,chirps+openmeteo,28.15
016,Garissa,2019,6,2019-06-01,0.18,chirps+openmeteo,27.77
016,Garissa,2019,7,2019-07-01,5.21,chirps+openmeteo,26.86
016,Garissa,2019,8,2019-08-01,1.31,chirps+openmeteo,26.76
016,Garissa,2019,9,2019-09-01,20.25,chirps+openmeteo,27.28
016,Garissa,2019,10,2019-10-01,72.89,chirps+openmeteo,27.3
016,Garissa,2019,11,2019-11-01,274.11,chirps+openmeteo,26.82
016,Garissa,2019,12,2019-12-01,109.6,chirps+openmeteo,27.81
016,Garissa,2020,1,2020-01-01,37.4,chirps+openmeteo,28.69
016,Garissa,2020,2,2020-02-01,7.6,chirps+openmeteo,30.12
016,Garissa,2020,3,2020-03-01,51.58,chirps+openmeteo,30.48
016,Garissa,2020,4,2020-04-01,92.34,chirps+openmeteo,28.54
016,Garissa,2020,5,2020-05-01,1.48,chirps+openmeteo,27.95
016,Garissa,2020,6,2020-06-01,0.18,chirps+openmeteo,27.65
016,Garissa,2020,7,2020-07-01,9.75,chirps+openmeteo,26.65
016,Garissa,2020,8,2020-08-01,0.51,chirps+openmeteo,26.53
016,Garissa,2020,9,2020-09-01,5.69,chirps+openmeteo,27.14
016,Garissa,2020,10,2020-10-01,20.42,chirps+openmeteo,28.94
016,Garissa,2020,11,2020-11-01,50.58,chirps+openmeteo,27.73
016,Garissa,2020,12,2020-12-01,48.95,chirps+openmeteo,28.73
016,Garissa,2021,1,2021-01-01,4.7,chirps+openmeteo,29.05
016,Garissa,2021,2,2021-02-01,3.08,chirps+openmeteo,30.28
016,Garissa,2021,3,2021-03-01,17.29,chirps+openmeteo,30.57
016,Garissa,2021,4,2021-04-01,36.88,chirps+openmeteo,29.67
016,Garissa,2021,5,2021-05-01,1.03,chirps+openmeteo,28.62
016,Garissa,2021,6,2021-06-01,0.21,chirps+openmeteo,26.66
016,Garissa,2021,7,2021-07-01,2.53,chirps+openmeteo,26.12
016,Garissa,2021,8,2021-08-01,0.59,chirps+openmeteo,26.41
016,Garissa,2021,9,2021-09-01,5.55,chirps+openmeteo,27.19
016,Garissa,2021,10,2021-10-01,9.65,chirps+openmeteo,28.62
016,Garissa,2021,11,2021-11-01,53.68,chirps+openmeteo,29.32
016,Garissa,2021,12,2021-12-01,186.43,chirps+openmeteo,27.25
016,Garissa,2022,1,2022-01-01,7.59,chirps+openmeteo,29.33
016,Garissa,2022,2,2022-02-01,3.39,chirps+openmeteo,30.47
016,Garissa,2022,3,2022-03-01,15.52,chirps+openmeteo,30.52
016,Garissa,2022,4,2022-04-01,23.9,chirps+openmeteo,29.71
016,Garissa,2022,5,2022-05-01,2.41,chirps+openmeteo,28.44
016,Garissa,2022,6,2022-06-01,0.2,chirps+openmeteo,26.95
016,Garissa,2022,7,2022-07-01,2.61,chirps+openmeteo,25.64
016,Garissa,2022,8,2022-08-01,0.5,chirps+openmeteo,25.97
016,Garissa,2022,9,2022-09-01,8.67,chirps+openmeteo,26.78
016,Garissa,2022,10,2022-10-01,14.9,chirps+openmeteo,27.98
016,Garissa,2022,11,2022-11-01,99.8,chirps+openmeteo,27.29
016,Garissa,2022,12,2022-12-01,36.16,chirps+openmeteo,28.97
017,Taita Taveta,2019,1,2019-01-01,24.21,chirps+openmeteo,18.79
017,Taita Taveta,2019,2,2019-02-01,21.64,chirps+openmeteo,19.47
017,Taita Taveta,2019,3,2019-03-01,17.28,chirps+openmeteo,20.61
017,Taita Taveta,2019,4,2019-04-01,119.99,chirps+openmeteo,19.41
017,Taita Taveta,2019,5,2019-05-01,68.08,chirps+openmeteo,16.75
017,Taita Taveta,2019,6,2019-06-01,15.52,chirps+openmeteo,15.92
017,Taita Taveta,2019,7,2019-07-01,14.8,chirps+openmeteo,15.74
017,Taita Taveta,2019,8,2019-08-01,26.75,chirps+openmeteo,15.66
017,Taita Taveta,2019,9,2019-09-01,30.51,chirps+openmeteo,16.49
017,Taita Taveta,2019,10,2019-10-01,154.37,chirps+openmeteo,16.81
017,Taita Taveta,2019,11,2019-11-01,201.79,chirps+openmeteo,17.6
017,Taita Taveta,2019,12,2019-12-01,249.79,chirps+openmeteo,18.15
017,Taita Taveta,2020,1,2020-01-01,114.57,chirps+openmeteo,18.71
017,Taita Taveta,2020,2,2020-02-01,30.37,chirps+openmeteo,18.93
017,Taita Taveta,2020,3,2020-03-01,201.97,chirps+openmeteo,18.89
017,Taita Taveta,2020,4,2020-04-01,160.95,chirps+openmeteo,17.73
017,Taita Taveta,2020,5,2020-05-01,21.12,chirps+openmeteo,16.57
017,Taita Taveta,2020,6,2020-06-01,15.08,chirps+openmeteo,15.77
017,Taita Taveta,2020,7,2020-07-01,13.45,chirps+openmeteo,15.13
017,Taita Taveta,2020,8,2020-08-01,13.94,chirps+openmeteo,15.41
017,Taita Taveta,2020,9,2020-09-01,24.94,chirps+openmeteo,16.15
017,Taita Taveta,2020,10,2020-10-01,18.97,chirps+openmeteo,17.81
017,Taita Taveta,2020,11,2020-11-01,155.23,chirps+openmeteo,17.78
017,Taita Taveta,2020,12,2020-12-01,104.54,chirps+openmeteo,18.28
017,Taita Taveta,2021,1,2021-01-01,44.04,chirps+openmeteo,18.16
017,Taita Taveta,2021,2,2021-02-01,33.34,chirps+openmeteo,18.8
017,Taita Taveta,2021,3,2021-03-01,20.2,chirps+openmeteo,19.39
017,Taita Taveta,2021,4,2021-04-01,107.32,chirps+openmeteo,18.26
017,Taita Taveta,2021,5,2021-05-01,45.87,chirps+openmeteo,16.86
017,Taita Taveta,2021,6,2021-06-01,5.86,chirps+openmeteo,15.59
017,Taita Taveta,2021,7,2021-07-01,10.93,chirps+openmeteo,15.0
017,Taita Taveta,2021,8,2021-08-01,13.95,chirps+openmeteo,15.66
017,Taita Taveta,2021,9,2021-09-01,11.35,chirps+openmeteo,16.2
017,Taita Taveta,2021,10,2021-10-01,19.6,chirps+openmeteo,17.68
017,Taita Taveta,2021,11,2021-11-01,70.38,chirps+openmeteo,19.1
017,Taita Taveta,2021,12,2021-12-01,175.12,chirps+openmeteo,17.95
017,Taita Taveta,2022,1,2022-01-01,18.62,chirps+openmeteo,19.35
017,Taita Taveta,2022,2,2022-02-01,34.52,chirps+openmeteo,20.04
017,Taita Taveta,2022,3,2022-03-01,29.92,chirps+openmeteo,20.23
017,Taita Taveta,2022,4,2022-04-01,95.84,chirps+openmeteo,18.62
017,Taita Taveta,2022,5,2022-05-01,25.1,chirps+openmeteo,17.46
017,Taita Taveta,2022,6,2022-06-01,12.67,chirps+openmeteo,15.98
017,Taita Taveta,2022,7,2022-07-01,8.78,chirps+openmeteo,14.72
017,Taita Taveta,2022,8,2022-08-01,10.44,chirps+openmeteo,14.75
017,Taita Taveta,2022,9,2022-09-01,11.17,chirps+openmeteo,15.7
017,Taita Taveta,2022,10,2022-10-01,14.25,chirps+openmeteo,17.3
017,Taita Taveta,2022,11,2022-11-01,120.26,chirps+openmeteo,17.54
017,Taita Taveta,2022,12,2022-12-01,72.95,chirps+openmeteo,18.59
018,Nakuru,2019,1,2019-01-01,19.1,chirps+openmeteo,27.16
018,Nakuru,2019,2,2019-02-01,9.32,chirps+openmeteo,27.9
018,Nakuru,2019,3,2019-03-01,30.36,chirps+openmeteo,28.36
018,Nakuru,2019,4,2019-04-01,92.52,chirps+openmeteo,27.88
018,Nakuru,2019,5,2019-05-01,74.04,chirps+openmeteo,26.35
018,Nakuru,2019,6,2019-06-01,164.87,chirps+openmeteo,23.26
018,Nakuru,2019,7,2019-07-01,149.39,chirps+openmeteo,23.58
018,Nakuru,2019,8,2019-08-01,164.93,chirps+openmeteo,23.19
018,Nakuru,2019,9,2019-09-01,79.86,chirps+openmeteo,24.78
018,Nakuru,2019,10,2019-10-01,139.48,chirps+openmeteo,23.51
018,Nakuru,2019,11,2019-11-01,135.4,chirps+openmeteo,23.61
018,Nakuru,2019,12,2019-12-01,133.16,chirps+openmeteo,23.11
018,Nakuru,2020,1,2020-01-01,50.95,chirps+openmeteo,24.59
018,Nakuru,2020,2,2020-02-01,32.13,chirps+openmeteo,25.12
018,Nakuru,2020,3,2020-03-01,157.04,chirps+openmeteo,25.87
018,Nakuru,2020,4,2020-04-01,251.2,chirps+openmeteo,24.92
018,Nakuru,2020,5,2020-05-01,153.82,chirps+openmeteo,24.2
018,Nakuru,2020,6,2020-06-01,173.39,chirps+openmeteo,23.33
018,Nakuru,2020,7,2020-07-01,213.28,chirps+openmeteo,22.28
018,Nakuru,2020,8,2020-08-01,208.11,chirps+openmeteo,22.71
018,Nakuru,2020,9,2020-09-01,101.36,chirps+openmeteo,23.53
018,Nakuru,2020,10,2020-10-01,107.66,chirps+openmeteo,23.93
018,Nakuru,2020,11,2020-11-01,101.81,chirps+openmeteo,24.22
018,Nakuru,2020,12,2020-12-01,19.03,chirps+openmeteo,26.31
018,Nakuru,2021,1,2021-01-01,41.84,chirps+openmeteo,26.48
018,Nakuru,2021,2,2021-02-01,32.85,chirps+openmeteo,26.68
018,Nakuru,2021,3,2021-03-01,31.75,chirps+openmeteo,27.55
018,Nakuru,2021,4,2021-04-01,79.53,chirps+openmeteo,26.69
018,Nakuru,2021,5,2021-05-01,219.24,chirps+openmeteo,24.54
018,Nakuru,2021,6,2021-06-01,58.8,chirps+openmeteo,26.11
018,Nakuru,2021,7,2021-07-01,108.71,chirps+openmeteo,22.97
018,Nakuru,2021,8,2021-08-01,99.59,chirps+openmeteo,24.34
018,Nakuru,2021,9,2021-09-01,117.72,chirps+openmeteo,24.16
018,Nakuru,2021,10,2021-10-01,82.62,chirps+openmeteo,25.8
018,Nakuru,2021,11,2021-11-01,38.15,chirps+openmeteo,27.09
018,Nakuru,2021,12,2021-12-01,35.88,chirps+openmeteo,26.16
018,Nakuru,2022,1,2022-01-01,37.18,chirps+openmeteo,26.03
018,Nakuru,2022,2,2022-02-01,36.32,chirps+openmeteo,27.75
018,Nakuru,2022,3,2022-03-01,36.35,chirps+openmeteo,28.23
018,Nakuru,2022,4,2022-04-01,110.51,chirps+openmeteo,25.75
018,Nakuru,2022,5,2022-05-01,98.26,chirps+openmeteo,24.75
018,Nakuru,2022,6,2022-06-01,60.7,chirps+openmeteo,23.8
018,Nakuru,2022,7,2022-07-01,68.61,chirps+openmeteo,23.79
018,Nakuru,2022,8,2022-08-01,156.81,chirps+openmeteo,22.6
018,Nakuru,2022,9,2022-09-01,115.15,chirps+openmeteo,24.19
018,Nakuru,2022,10,2022-10-01,46.85,chirps+openmeteo,26.41
018,Nakuru,2022,11,2022-11-01,126.43,chirps+openmeteo,25.55
018,Nakuru,2022,12,2022-12-01,44.82,chirps+openmeteo,25.57
019,Narok,2019,1,2019-01-01,24.05,chirps+openmeteo,19.2
019,Narok,2019,2,2019-02-01,23.78,chirps+openmeteo,20.65
019,Narok,2019,3,2019-03-01,33.32,chirps+openmeteo,21.28
019,Narok,2019,4,2019-04-01,139.54,chirps+openmeteo,20.23
019,Narok,2019,5,2019-05-01,75.17,chirps+openmeteo,17.65
019,Narok,2019,6,2019-06-01,110.09,chirps+openmeteo,16.61
019,Narok,2019,7,2019-07-01,38.15,chirps+openmeteo,17.24
019,Narok,2019,8,2019-08-01,71.09,chirps+openmeteo,17.97
019,Narok,2019,9,2019-09-01,73.6,chirps+openmeteo,18.38
019,Narok,2019,10,2019-10-01,120.21,chirps+openmeteo,17.52
019,Narok,2019,11,2019-11-01,168.78,chirps+openmeteo,17.74
019,Narok,2019,12,2019-12-01,256.13,chirps+openmeteo,17.24
019,Narok,2020,1,2020-01-01,138.15,chirps+openmeteo,17.56
019,Narok,2020,2,2020-02-01,70.93,chirps+openmeteo,17.88
019,Narok,2020,3,2020-03-01,241.35,chirps+openmeteo,17.98
019,Narok,2020,4,2020-04-01,287.59,chirps+openmeteo,17.62
019,Narok,2020,5,2020-05-01,99.48,chirps+openmeteo,16.85
019,Narok,2020,6,2020-06-01,80.62,chirps+openmeteo,16.01
019,Narok,2020,7,2020-07-01,35.71,chirps+openmeteo,15.86
019,Narok,2020,8,2020-08-01,49.89,chirps+openmeteo,17.02
019,Narok,2020,9,2020-09-01,72.13,chirps+openmeteo,17.72
019,Narok,2020,10,2020-10-01,81.29,chirps+openmeteo,19.0
019,Narok,2020,11,2020-11-01,168.8,chirps+openmeteo,18.21
019,Narok,2020,12,2020-12-01,42.82,chirps+openmeteo,19.17
019,Narok,2021,1,2021-01-01,68.35,chirps+openmeteo,17.87
019,Narok,2021,2,2021-02-01,92.97,chirps+openmeteo,17.97
019,Narok,2021,3,2021-03-01,59.68,chirps+openmeteo,18.99
019,Narok,2021,4,2021-04-01,130.3,chirps+openmeteo,17.55
019,Narok,2021,5,2021-05-01,164.37,chirps+openmeteo,16.83
019,Narok,2021,6,2021-06-01,39.44,chirps+openmeteo,16.26
019,Narok,2021,7,2021-07-01,59.69,chirps+openmeteo,15.98
019,Narok,2021,8,2021-08-01,66.32,chirps+openmeteo,17.15
019,Narok,2021,9,2021-09-01,52.68,chirps+openmeteo,17.97
019,Narok,2021,10,2021-10-01,49.76,chirps+openmeteo,19.09
019,Narok,2021,11,2021-11-01,64.0,chirps+openmeteo,19.0
019,Narok,2021,12,2021-12-01,66.57,chirps+openmeteo,17.89
019,Narok,2022,1,2022-01-01,86.88,chirps+openmeteo,18.25
019,Narok,2022,2,2022-02-01,156.02,chirps+openmeteo,17.21
019,Narok,2022,3,2022-03-01,54.62,chirps+openmeteo,18.72
019,Narok,2022,4,2022-04-01,149.69,chirps+openmeteo,18.21
019,Narok,2022,5,2022-05-01,114.12,chirps+openmeteo,16.94
019,Narok,2022,6,2022-06-01,40.01,chirps+openmeteo,16.08
019,Narok,2022,7,2022-07-01,31.11,chirps+openmeteo,15.83
019,Narok,2022,8,2022-08-01,57.54,chirps+openmeteo,16.34
019,Narok,2022,9,2022-09-01,63.16,chirps+openmeteo,17.61
019,Narok,2022,10,2022-10-01,43.72,chirps+openmeteo,19.22
019,Narok,2022,11,2022-11-01,143.52,chirps+openmeteo,17.48
019,Narok,2022,12,2022-12-01,81.75,chirps+openmeteo,17.45
020,Kajiado,2019,1,2019-01-01,14.53,chirps+openmeteo,19.54
020,Kajiado,2019,2,2019-02-01,23.82,chirps+openmeteo,20.73
020,Kajiado,2019,3,2019-03-01,16.9,chirps+openmeteo,21.85
020,Kajiado,2019,4,2019-04-01,113.47,chirps+openmeteo,19.84
020,Kajiado,2019,5,2019-05-01,30.62,chirps+openmeteo,18.09
020,Kajiado,2019,6,2019-06-01,20.34,chirps+openmeteo,17.35
020,Kajiado,2019,7,2019-07-01,7.0,chirps+openmeteo,17.6
020,Kajiado,2019,8,2019-08-01,7.62,chirps+openmeteo,17.61
020,Kajiado,2019,9,2019-09-01,10.62,chirps+openmeteo,18.73
020,Kajiado,2019,10,2019-10-01,146.15,chirps+openmeteo,18.22
020,Kajiado,2019,11,2019-11-01,209.44,chirps+openmeteo,18.41
020,Kajiado,2019,12,2019-12-01,259.07,chirps+openmeteo,18.21
020,Kajiado,2020,1,2020-01-01,128.86,chirps+openmeteo,18.63
020,Kajiado,2020,2,2020-02-01,65.31,chirps+openmeteo,19.29
020,Kajiado,2020,3,2020-03-01,185.88,chirps+openmeteo,19.08
020,Kajiado,2020,4,2020-04-01,250.87,chirps+openmeteo,18.48
020,Kajiado,2020,5,2020-05-01,42.14,chirps+openmeteo,17.86
020,Kajiado,2020,6,2020-06-01,13.49,chirps+openmeteo,17.25
020,Kajiado,2020,7,2020-07-01,5.3,chirps+openmeteo,16.4
020,Kajiado,2020,8,2020-08-01,4.12,chirps+openmeteo,17.25
020,Kajiado,2020,9,2020-09-01,9.32,chirps+openmeteo,17.88
020,Kajiado,2020,10,2020-10-01,22.79,chirps+openmeteo,19.62
020,Kajiado,2020,11,2020-11-01,111.09,chirps+openmeteo,18.74
020,Kajiado,2020,12,2020-12-01,58.83,chirps+openmeteo,19.03
020,Kajiado,2021,1,2021-01-01,44.46,chirps+openmeteo,19.12
020,Kajiado,2021,2,2021-02-01,58.88,chirps+openmeteo,19.19
020,Kajiado,2021,3,2021-03-01,44.73,chirps+openmeteo,19.99
020,Kajiado,2021,4,2021-04-01,114.28,chirps+openmeteo,18.92
020,Kajiado,2021,5,2021-05-01,125.43,chirps+openmeteo,17.92
020,Kajiado,2021,6,2021-06-01,4.7,chirps+openmeteo,16.72
020,Kajiado,2021,7,2021-07-01,7.09,chirps+openmeteo,16.3
020,Kajiado,2021,8,2021-08-01,5.73,chirps+openmeteo,17.1
020,Kajiado,2021,9,2021-09-01,3.49,chirps+openmeteo,18.13
020,Kajiado,2021,10,2021-10-01,23.65,chirps+openmeteo,19.71
020,Kajiado,2021,11,2021-11-01,106.72,chirps+openmeteo,19.73
020,Kajiado,2021,12,2021-12-01,87.76,chirps+openmeteo,18.51
020,Kajiado,2022,1,2022-01-01,34.87,chirps+openmeteo,19.28
020,Kajiado,2022,2,2022-02-01,59.56,chirps+openmeteo,19.81
020,Kajiado,2022,3,2022-03-01,34.14,chirps+openmeteo,20.56
020,Kajiado,2022,4,2022-04-01,105.32,chirps+openmeteo,19.49
020,Kajiado,2022,5,2022-05-01,32.04,chirps+openmeteo,18.79
020,Kajiado,2022,6,2022-06-01,4.52,chirps+openmeteo,17.15
020,Kajiado,2022,7,2022-07-01,2.59,chirps+openmeteo,16.14
020,Kajiado,2022,8,2022-08-01,3.03,chirps+openmeteo,16.41
020,Kajiado,2022,9,2022-09-01,4.3,chirps+openmeteo,17.88
020,Kajiado,2022,10,2022-10-01,23.15,chirps+openmeteo,19.41
020,Kajiado,2022,11,2022-11-01,118.85,chirps+openmeteo,18.27
020,Kajiado,2022,12,2022-12-01,51.74,chirps+openmeteo,18.49
021,Kiambu,2019,1,2019-01-01,20.25,chirps+openmeteo,18.92
021,Kiambu,2019,2,2019-02-01,25.51,chirps+openmeteo,19.81
021,Kiambu,2019,3,2019-03-01,23.82,chirps+openmeteo,20.9
021,Kiambu,2019,4,2019-04-01,158.77,chirps+openmeteo,19.71
021,Kiambu,2019,5,2019-05-01,77.58,chirps+openmeteo,18.04
021,Kiambu,2019,6,2019-06-01,57.18,chirps+openmeteo,17.16
021,Kiambu,2019,7,2019-07-01,30.35,chirps+openmeteo,17.03
021,Kiambu,2019,8,2019-08-01,31.83,chirps+openmeteo,17.06
021,Kiambu,2019,9,2019-09-01,33.6,chirps+openmeteo,17.63
021,Kiambu,2019,10,2019-10-01,259.47,chirps+openmeteo,17.48
021,Kiambu,2019,11,2019-11-01,263.89,chirps+openmeteo,17.74
021,Kiambu,2019,12,2019-12-01,265.74,chirps+openmeteo,17.89
021,Kiambu,2020,1,2020-01-01,138.84,chirps+openmeteo,18.33
021,Kiambu,2020,2,2020-02-01,68.27,chirps+openmeteo,18.9
021,Kiambu,2020,3,2020-03-01,202.54,chirps+openmeteo,19.03
021,Kiambu,2020,4,2020-04-01,402.3,chirps+openmeteo,18.44
021,Kiambu,2020,5,2020-05-01,124.39,chirps+openmeteo,17.98
021,Kiambu,2020,6,2020-06-01,55.68,chirps+openmeteo,17.23
021,Kiambu,2020,7,2020-07-01,16.42,chirps+openmeteo,16.63
021,Kiambu,2020,8,2020-08-01,18.11,chirps+openmeteo,16.94
021,Kiambu,2020,9,2020-09-01,29.56,chirps+openmeteo,17.33
021,Kiambu,2020,10,2020-10-01,62.72,chirps+openmeteo,18.42
021,Kiambu,2020,11,2020-11-01,139.79,chirps+openmeteo,18.0
021,Kiambu,2020,12,2020-12-01,54.07,chirps+openmeteo,18.43
021,Kiambu,2021,1,2021-01-01,57.62,chirps+openmeteo,18.5
021,Kiambu,2021,2,2021-02-01,68.54,chirps+openmeteo,19.04
021,Kiambu,2021,3,2021-03-01,55.02,chirps+openmeteo,19.34
021,Kiambu,2021,4,2021-04-01,134.36,chirps+openmeteo,18.29
021,Kiambu,2021,5,2021-05-01,201.99,chirps+openmeteo,17.6
021,Kiambu,2021,6,2021-06-01,11.33,chirps+openmeteo,16.32
021,Kiambu,2021,7,2021-07-01,34.02,chirps+openmeteo,15.94
021,Kiambu,2021,8,2021-08-01,20.43,chirps+openmeteo,16.46
021,Kiambu,2021,9,2021-09-01,11.74,chirps+openmeteo,17.59
021,Kiambu,2021,10,2021-10-01,52.27,chirps+openmeteo,18.83
021,Kiambu,2021,11,2021-11-01,124.92,chirps+openmeteo,18.74
021,Kiambu,2021,12,2021-12-01,98.07,chirps+openmeteo,17.72
021,Kiambu,2022,1,2022-01-01,45.5,chirps+openmeteo,18.54
021,Kiambu,2022,2,2022-02-01,48.07,chirps+openmeteo,19.59
021,Kiambu,2022,3,2022-03-01,46.97,chirps+openmeteo,20.03
021,Kiambu,2022,4,2022-04-01,156.45,chirps+openmeteo,18.62
021,Kiambu,2022,5,2022-05-01,66.41,chirps+openmeteo,18.03
021,Kiambu,2022,6,2022-06-01,12.63,chirps+openmeteo,16.74
021,Kiambu,2022,7,2022-07-01,12.17,chirps+openmeteo,15.69
021,Kiambu,2022,8,2022-08-01,13.71,chirps+openmeteo,15.82
021,Kiambu,2022,9,2022-09-01,16.68,chirps+openmeteo,16.95
021,Kiambu,2022,10,2022-10-01,33.11,chirps+openmeteo,18.7
021,Kiambu,2022,11,2022-11-01,191.96,chirps+openmeteo,17.48
021,Kiambu,2022,12,2022-12-01,35.69,chirps+openmeteo,17.9
