county_code,county_name,year,month,date,maize_price_kes_kg,data_source
001,Mombasa,2019,1,2019-01-01,41.67,fewsnet_prices
001,Mombasa,2019,2,2019-02-01,46.67,fewsnet_prices
001,Mombasa,2019,3,2019-03-01,47.92,fewsnet_prices
001,Mombasa,2019,4,2019-04-01,55.42,fewsnet_prices
001,Mombasa,2019,5,2019-05-01,56.33,fewsnet_prices
001,Mombasa,2019,6,2019-06-01,57.08,fewsnet_prices
001,Mombasa,2019,7,2019-07-01,58.0,fewsnet_prices
001,Mombasa,2019,8,2019-08-01,56.25,fewsnet_prices
001,Mombasa,2019,9,2019-09-01,55.0,fewsnet_prices
001,Mombasa,2019,10,2019-10-01,56.67,fewsnet_prices
001,Mombasa,2019,11,2019-11-01,58.33,fewsnet_prices
001,Mombasa,2019,12,2019-12-01,59.44,fewsnet_prices
001,Mombasa,2020,1,2020-01-01,61.67,fewsnet_prices
001,Mombasa,2020,2,2020-02-01,61.7,fewsnet_prices
001,Mombasa,2020,3,2020-03-01,66.43,fewsnet_prices
001,Mombasa,2020,4,2020-04-01,55.65,fewsnet_prices
001,Mombasa,2020,5,2020-05-01,55.0,fewsnet_prices
001,Mombasa,2020,6,2020-06-01,54.4,fewsnet_prices
001,Mombasa,2020,7,2020-07-01,54.0,fewsnet_prices
001,Mombasa,2020,8,2020-08-01,53.8,fewsnet_prices
001,Mombasa,2020,9,2020-09-01,55.03,fewsnet_prices
001,Mombasa,2020,10,2020-10-01,57.0,fewsnet_prices
001,Mombasa,2020,11,2020-11-01,53.5,fewsnet_prices
001,Mombasa,2020,12,2020-12-01,51.27,fewsnet_prices
001,Mombasa,2021,1,2021-01-01,47.67,fewsnet_prices
001,Mombasa,2021,2,2021-02-01,51.27,fewsnet_prices
001,Mombasa,2021,3,2021-03-01,50.83,fewsnet_prices
001,Mombasa,2021,4,2021-04-01,50.43,fewsnet_prices
001,Mombasa,2021,5,2021-05-01,51.33,fewsnet_prices
001,Mombasa,2021,6,2021-06-01,51.27,fewsnet_prices
001,Mombasa,2021,7,2021-07-01,54.17,fewsnet_prices
001,Mombasa,2021,9,2021-09-01,50.47,fewsnet_prices
001,Mombasa,2021,10,2021-10-01,50.47,fewsnet_prices
001,Mombasa,2021,11,2021-11-01,53.33,fewsnet_prices
001,Mombasa,2021,12,2021-12-01,55.0,fewsnet_prices
001,Mombasa,2022,1,2022-01-01,53.5,fewsnet_prices
001,Mombasa,2022,2,2022-02-01,66.65,fewsnet_prices
001,Mombasa,2022,3,2022-03-01,75.0,fewsnet_prices
001,Mombasa,2022,4,2022-04-01,77.5,fewsnet_prices
001,Mombasa,2022,5,2022-05-01,92.0,fewsnet_prices
001,Mombasa,2022,6,2022-06-01,105.0,fewsnet_prices
001,Mombasa,2022,7,2022-07-01,110.0,fewsnet_prices
001,Mombasa,2022,8,2022-08-01,107.5,fewsnet_prices
001,Mombasa,2022,9,2022-09-01,105.65,fewsnet_prices
001,Mombasa,2022,10,2022-10-01,103.35,fewsnet_prices
001,Mombasa,2022,11,2022-11-01,106.9,fewsnet_prices
001,Mombasa,2022,12,2022-12-01,107.5,fewsnet_prices
002,Kwale,2019,1,2019-01-01,40.5,fewsnet_prices
002,Kwale,2019,2,2019-02-01,39.62,fewsnet_prices
002,Kwale,2019,3,2019-03-01,38.0,fewsnet_prices
002,Kwale,2019,4,2019-04-01,37.75,fewsnet_prices
002,Kwale,2019,5,2019-05-01,46.5,fewsnet_prices
002,Kwale,2019,6,2019-06-01,46.0,fewsnet_prices
002,Kwale,2019,7,2019-07-01,48.0,fewsnet_prices
002,Kwale,2019,8,2019-08-01,51.0,fewsnet_prices
002,Kwale,2019,9,2019-09-01,49.0,fewsnet_prices
002,Kwale,2019,10,2019-10-01,47.0,fewsnet_prices
002,Kwale,2019,11,2019-11-01,49.88,fewsnet_prices
002,Kwale,2019,12,2019-12-01,46.5,fewsnet_prices
002,Kwale,2020,1,2020-01-01,43.0,fewsnet_prices
002,Kwale,2020,2,2020-02-01,45.0,fewsnet_prices
002,Kwale,2020,3,2020-03-01,45.0,fewsnet_prices
002,Kwale,2020,4,2020-04-01,42.25,fewsnet_prices
002,Kwale,2020,5,2020-05-01,41.0,fewsnet_prices
002,Kwale,2020,6,2020-06-01,47.0,fewsnet_prices
002,Kwale,2020,7,2020-07-01,43.0,fewsnet_prices
002,Kwale,2020,8,2020-08-01,40.5,fewsnet_prices
002,Kwale,2020,9,2020-09-01,47.0,fewsnet_prices
002,Kwale,2020,10,2020-10-01,45.5,fewsnet_prices
002,Kwale,2020,11,2020-11-01,41.5,fewsnet_prices
002,Kwale,2020,12,2020-12-01,46.4,fewsnet_prices
002,Kwale,2021,1,2021-01-01,46.95,fewsnet_prices
002,Kwale,2021,2,2021-02-01,48.0,fewsnet_prices
002,Kwale,2021,3,2021-03-01,46.0,fewsnet_prices
002,Kwale,2021,4,2021-04-01,43.9,fewsnet_prices
002,Kwale,2021,5,2021-05-01,43.0,fewsnet_prices
002,Kwale,2021,6,2021-06-01,43.25,fewsnet_prices
002,Kwale,2021,7,2021-07-01,44.0,fewsnet_prices
002,Kwale,2021,8,2021-08-01,45.0,fewsnet_prices
002,Kwale,2021,9,2021-09-01,44.0,fewsnet_prices
002,Kwale,2021,10,2021-10-01,40.5,fewsnet_prices
002,Kwale,2021,11,2021-11-01,43.0,fewsnet_prices
002,Kwale,2021,12,2021-12-01,46.0,fewsnet_prices
002,Kwale,2022,1,2022-01-01,44.0,fewsnet_prices
002,Kwale,2022,2,2022-02-01,47.0,fewsnet_prices
002,Kwale,2022,3,2022-03-01,47.8,fewsnet_prices
002,Kwale,2022,4,2022-04-01,50.0,fewsnet_prices
002,Kwale,2022,5,2022-05-01,59.0,fewsnet_prices
002,Kwale,2022,6,2022-06-01,70.0,fewsnet_prices
002,Kwale,2022,7,2022-07-01,88.0,fewsnet_prices
002,Kwale,2022,8,2022-08-01,78.0,fewsnet_prices
002,Kwale,2022,9,2022-09-01,70.0,fewsnet_prices
002,Kwale,2022,10,2022-10-01,70.0,fewsnet_prices
002,Kwale,2022,11,2022-11-01,87.0,fewsnet_prices
002,Kwale,2022,12,2022-12-01,75.0,fewsnet_prices
004,Tana River,2019,1,2019-01-01,63.0,fewsnet_prices
004,Tana River,2019,2,2019-02-01,57.0,fewsnet_prices
004,Tana River,2019,3,2019-03-01,52.0,fewsnet_prices
004,Tana River,2019,4,2019-04-01,50.5,fewsnet_prices
004,Tana River,2019,5,2019-05-01,50.0,fewsnet_prices
004,Tana River,2019,6,2019-06-01,54.0,fewsnet_prices
004,Tana River,2019,7,2019-07-01,52.5,fewsnet_prices
004,Tana River,2019,8,2019-08-01,57.5,fewsnet_prices
004,Tana River,2019,9,2019-09-01,51.0,fewsnet_prices
004,Tana River,2019,10,2019-10-01,45.0,fewsnet_prices
004,Tana River,2019,11,2019-11-01,54.0,fewsnet_prices
004,Tana River,2019,12,2019-12-01,66.0,fewsnet_prices
004,Tana River,2020,1,2020-01-01,69.0,fewsnet_prices
004,Tana River,2020,2,2020-02-01,53.0,fewsnet_prices
004,Tana River,2020,3,2020-03-01,51.0,fewsnet_prices
004,Tana River,2020,4,2020-04-01,49.0,fewsnet_prices
004,Tana River,2020,8,2020-08-01,66.0,fewsnet_prices
004,Tana River,2020,9,2020-09-01,56.0,fewsnet_prices
004,Tana River,2020,10,2020-10-01,53.0,fewsnet_prices
004,Tana River,2020,11,2020-11-01,46.0,fewsnet_prices
004,Tana River,2020,12,2020-12-01,45.0,fewsnet_prices
004,Tana River,2021,1,2021-01-01,43.0,fewsnet_prices
004,Tana River,2021,2,2021-02-01,41.5,fewsnet_prices
004,Tana River,2021,3,2021-03-01,43.0,fewsnet_prices
004,Tana River,2021,4,2021-04-01,45.5,fewsnet_prices
004,Tana River,2021,5,2021-05-01,42.5,fewsnet_prices
004,Tana River,2021,6,2021-06-01,43.0,fewsnet_prices
004,Tana River,2021,7,2021-07-01,44.0,fewsnet_prices
004,Tana River,2021,8,2021-08-01,51.0,fewsnet_prices
004,Tana River,2021,9,2021-09-01,51.0,fewsnet_prices
004,Tana River,2021,10,2021-10-01,50.35,fewsnet_prices
004,Tana River,2021,11,2021-11-01,50.0,fewsnet_prices
004,Tana River,2021,12,2021-12-01,50.0,fewsnet_prices
004,Tana River,2022,1,2022-01-01,61.0,fewsnet_prices
004,Tana River,2022,2,2022-02-01,61.0,fewsnet_prices
004,Tana River,2022,3,2022-03-01,62.0,fewsnet_prices
004,Tana River,2022,4,2022-04-01,64.0,fewsnet_prices
004,Tana River,2022,5,2022-05-01,72.0,fewsnet_prices
004,Tana River,2022,6,2022-06-01,72.0,fewsnet_prices
004,Tana River,2022,7,2022-07-01,91.0,fewsnet_prices
004,Tana River,2022,8,2022-08-01,88.0,fewsnet_prices
004,Tana River,2022,9,2022-09-01,93.0,fewsnet_prices
004,Tana River,2022,10,2022-10-01,96.0,fewsnet_prices
004,Tana River,2022,11,2022-11-01,88.0,fewsnet_prices
004,Tana River,2022,12,2022-12-01,97.0,fewsnet_prices
005,Lamu,2019,1,2019-01-01,51.5,fewsnet_prices
005,Lamu,2019,2,2019-02-01,54.0,fewsnet_prices
005,Lamu,2019,3,2019-03-01,56.0,fewsnet_prices
005,Lamu,2019,4,2019-04-01,56.0,fewsnet_prices
005,Lamu,2019,5,2019-05-01,55.0,fewsnet_prices
005,Lamu,2019,6,2019-06-01,47.0,fewsnet_prices
005,Lamu,2019,7,2019-07-01,48.0,fewsnet_prices
005,Lamu,2019,8,2019-08-01,50.0,fewsnet_prices
005,Lamu,2019,9,2019-09-01,42.0,fewsnet_prices
005,Lamu,2019,10,2019-10-01,53.25,fewsnet_prices
005,Lamu,2019,11,2019-11-01,53.0,fewsnet_prices
005,Lamu,2019,12,2019-12-01,73.0,fewsnet_prices
005,Lamu,2020,1,2020-01-01,69.7,fewsnet_prices
005,Lamu,2020,2,2020-02-01,65.0,fewsnet_prices
005,Lamu,2020,3,2020-03-01,51.0,fewsnet_prices
005,Lamu,2020,4,2020-04-01,54.0,fewsnet_prices
005,Lamu,2020,7,2020-07-01,50.0,fewsnet_prices
005,Lamu,2020,8,2020-08-01,43.0,fewsnet_prices
005,Lamu,2020,9,2020-09-01,35.0,fewsnet_prices
005,Lamu,2020,10,2020-10-01,40.0,fewsnet_prices
005,Lamu,2020,11,2020-11-01,40.0,fewsnet_prices
005,Lamu,2020,12,2020-12-01,42.0,fewsnet_prices
005,Lamu,2021,1,2021-01-01,44.55,fewsnet_prices
005,Lamu,2021,2,2021-02-01,45.5,fewsnet_prices
005,Lamu,2021,3,2021-03-01,45.0,fewsnet_prices
005,Lamu,2021,4,2021-04-01,45.0,fewsnet_prices
005,Lamu,2021,5,2021-05-01,44.5,fewsnet_prices
005,Lamu,2021,6,2021-06-01,46.75,fewsnet_prices
005,Lamu,2021,7,2021-07-01,50.0,fewsnet_prices
005,Lamu,2021,8,2021-08-01,46.0,fewsnet_prices
005,Lamu,2021,9,2021-09-01,54.35,fewsnet_prices
005,Lamu,2021,10,2021-10-01,53.0,fewsnet_prices
005,Lamu,2021,11,2021-11-01,53.0,fewsnet_prices
005,Lamu,2021,12,2021-12-01,52.0,fewsnet_prices
005,Lamu,2022,1,2022-01-01,54.5,fewsnet_prices
005,Lamu,2022,2,2022-02-01,53.5,fewsnet_prices
005,Lamu,2022,3,2022-03-01,44.0,fewsnet_prices
005,Lamu,2022,4,2022-04-01,51.0,fewsnet_prices
005,Lamu,2022,5,2022-05-01,49.0,fewsnet_prices
005,Lamu,2022,6,2022-06-01,56.0,fewsnet_prices
005,Lamu,2022,7,2022-07-01,78.75,fewsnet_prices
005,Lamu,2022,8,2022-08-01,79.0,fewsnet_prices
005,Lamu,2022,9,2022-09-01,77.5,fewsnet_prices
005,Lamu,2022,10,2022-10-01,80.0,fewsnet_prices
005,Lamu,2022,11,2022-11-01,80.0,fewsnet_prices
005,Lamu,2022,12,2022-12-01,78.5,fewsnet_prices
006,Isiolo,2019,1,2019-01-01,39.33,fewsnet_prices
006,Isiolo,2019,2,2019-02-01,39.0,fewsnet_prices
006,Isiolo,2019,3,2019-03-01,40.42,fewsnet_prices
006,Isiolo,2019,4,2019-04-01,42.33,fewsnet_prices
006,Isiolo,2019,5,2019-05-01,52.5,fewsnet_prices
006,Isiolo,2019,6,2019-06-01,53.0,fewsnet_prices
006,Isiolo,2019,7,2019-07-01,55.5,fewsnet_prices
006,Isiolo,2019,8,2019-08-01,55.0,fewsnet_prices
006,Isiolo,2019,9,2019-09-01,51.5,fewsnet_prices
006,Isiolo,2019,10,2019-10-01,50.0,fewsnet_prices
006,Isiolo,2019,11,2019-11-01,50.0,fewsnet_prices
006,Isiolo,2019,12,2019-12-01,50.5,fewsnet_prices
006,Isiolo,2020,1,2020-01-01,49.0,fewsnet_prices
006,Isiolo,2020,2,2020-02-01,49.0,fewsnet_prices
006,Isiolo,2020,3,2020-03-01,50.33,fewsnet_prices
006,Isiolo,2020,4,2020-04-01,51.5,fewsnet_prices
006,Isiolo,2020,8,2020-08-01,46.0,fewsnet_prices
006,Isiolo,2020,9,2020-09-01,45.5,fewsnet_prices
006,Isiolo,2020,10,2020-10-01,45.5,fewsnet_prices
006,Isiolo,2020,11,2020-11-01,43.27,fewsnet_prices
006,Isiolo,2020,12,2020-12-01,44.0,fewsnet_prices
006,Isiolo,2021,1,2021-01-01,45.47,fewsnet_prices
006,Isiolo,2021,2,2021-02-01,51.0,fewsnet_prices
006,Isiolo,2021,3,2021-03-01,48.5,fewsnet_prices
006,Isiolo,2021,4,2021-04-01,50.0,fewsnet_prices
006,Isiolo,2021,5,2021-05-01,51.77,fewsnet_prices
006,Isiolo,2021,6,2021-06-01,51.0,fewsnet_prices
006,Isiolo,2021,7,2021-07-01,50.5,fewsnet_prices
006,Isiolo,2021,8,2021-08-01,45.0,fewsnet_prices
006,Isiolo,2021,9,2021-09-01,46.27,fewsnet_prices
006,Isiolo,2021,10,2021-10-01,47.67,fewsnet_prices
006,Isiolo,2021,11,2021-11-01,51.5,fewsnet_prices
006,Isiolo,2021,12,2021-12-01,53.0,fewsnet_prices
006,Isiolo,2022,1,2022-01-01,53.0,fewsnet_prices
006,Isiolo,2022,2,2022-02-01,54.0,fewsnet_prices
006,Isiolo,2022,3,2022-03-01,54.55,fewsnet_prices
006,Isiolo,2022,4,2022-04-01,59.8,fewsnet_prices
006,Isiolo,2022,5,2022-05-01,64.5,fewsnet_prices
006,Isiolo,2022,6,2022-06-01,82.0,fewsnet_prices
006,Isiolo,2022,7,2022-07-01,96.5,fewsnet_prices
006,Isiolo,2022,8,2022-08-01,89.5,fewsnet_prices
006,Isiolo,2022,9,2022-09-01,94.5,fewsnet_prices
006,Isiolo,2022,10,2022-10-01,98.0,fewsnet_prices
006,Isiolo,2022,11,2022-11-01,92.5,fewsnet_prices
006,Isiolo,2022,12,2022-12-01,94.5,fewsnet_prices
007,Meru,2019,1,2019-01-01,32.42,fewsnet_prices
007,Meru,2019,2,2019-02-01,28.96,fewsnet_prices
007,Meru,2019,3,2019-03-01,28.31,fewsnet_prices
007,Meru,2019,4,2019-04-01,36.89,fewsnet_prices
007,Meru,2019,5,2019-05-01,39.78,fewsnet_prices
007,Meru,2019,6,2019-06-01,39.16,fewsnet_prices
007,Meru,2019,7,2019-07-01,45.0,fewsnet_prices
007,Meru,2019,8,2019-08-01,44.0,fewsnet_prices
007,Meru,2019,9,2019-09-01,46.41,fewsnet_prices
007,Meru,2019,10,2019-10-01,48.59,fewsnet_prices
007,Meru,2019,11,2019-11-01,48.7,fewsnet_prices
007,Meru,2019,12,2019-12-01,48.64,fewsnet_prices
007,Meru,2020,1,2020-01-01,44.77,fewsnet_prices
007,Meru,2020,2,2020-02-01,34.4,fewsnet_prices
007,Meru,2020,3,2020-03-01,28.7,fewsnet_prices
007,Meru,2020,4,2020-04-01,30.0,fewsnet_prices
007,Meru,2020,8,2020-08-01,28.0,fewsnet_prices
007,Meru,2020,9,2020-09-01,32.8,fewsnet_prices
007,Meru,2020,10,2020-10-01,34.45,fewsnet_prices
007,Meru,2020,11,2020-11-01,35.05,fewsnet_prices
007,Meru,2020,12,2020-12-01,34.3,fewsnet_prices
007,Meru,2021,1,2021-01-01,36.58,fewsnet_prices
007,Meru,2021,2,2021-02-01,34.85,fewsnet_prices
007,Meru,2021,3,2021-03-01,31.62,fewsnet_prices
007,Meru,2021,4,2021-04-01,32.03,fewsnet_prices
007,Meru,2021,5,2021-05-01,32.83,fewsnet_prices
007,Meru,2021,6,2021-06-01,32.83,fewsnet_prices
007,Meru,2021,7,2021-07-01,34.98,fewsnet_prices
007,Meru,2021,8,2021-08-01,35.1,fewsnet_prices
007,Meru,2021,9,2021-09-01,37.5,fewsnet_prices
007,Meru,2021,10,2021-10-01,39.8,fewsnet_prices
007,Meru,2021,11,2021-11-01,40.43,fewsnet_prices
007,Meru,2021,12,2021-12-01,40.1,fewsnet_prices
007,Meru,2022,1,2022-01-01,44.0,fewsnet_prices
007,Meru,2022,2,2022-02-01,43.53,fewsnet_prices
007,Meru,2022,3,2022-03-01,41.17,fewsnet_prices
007,Meru,2022,4,2022-04-01,48.07,fewsnet_prices
007,Meru,2022,5,2022-05-01,57.4,fewsnet_prices
007,Meru,2022,6,2022-06-01,88.13,fewsnet_prices
007,Meru,2022,7,2022-07-01,84.27,fewsnet_prices
007,Meru,2022,8,2022-08-01,76.67,fewsnet_prices
007,Meru,2022,9,2022-09-01,82.23,fewsnet_prices
007,Meru,2022,10,2022-10-01,85.0,fewsnet_prices
007,Meru,2022,11,2022-11-01,83.97,fewsnet_prices
007,Meru,2022,12,2022-12-01,80.57,fewsnet_prices
008,Tharaka-Nithi,2019,1,2019-01-01,29.0,fewsnet_prices
008,Tharaka-Nithi,2019,2,2019-02-01,29.0,fewsnet_prices
008,Tharaka-Nithi,2019,3,2019-03-01,30.0,fewsnet_prices
008,Tharaka-Nithi,2019,4,2019-04-01,40.0,fewsnet_prices
008,Tharaka-Nithi,2019,5,2019-05-01,46.0,fewsnet_prices
008,Tharaka-Nithi,2019,6,2019-06-01,45.0,fewsnet_prices
008,Tharaka-Nithi,2019,7,2019-07-01,48.0,fewsnet_prices
008,Tharaka-Nithi,2019,8,2019-08-01,49.0,fewsnet_prices
008,Tharaka-Nithi,2019,9,2019-09-01,49.0,fewsnet_prices
008,Tharaka-Nithi,2019,10,2019-10-01,49.81,fewsnet_prices
008,Tharaka-Nithi,2019,11,2019-11-01,55.13,fewsnet_prices
008,Tharaka-Nithi,2019,12,2019-12-01,54.33,fewsnet_prices
008,Tharaka-Nithi,2020,1,2020-01-01,41.0,fewsnet_prices
008,Tharaka-Nithi,2020,2,2020-02-01,40.0,fewsnet_prices
008,Tharaka-Nithi,2020,3,2020-03-01,38.0,fewsnet_prices
008,Tharaka-Nithi,2020,4,2020-04-01,41.0,fewsnet_prices
008,Tharaka-Nithi,2020,8,2020-08-01,36.0,fewsnet_prices
008,Tharaka-Nithi,2020,9,2020-09-01,36.0,fewsnet_prices
008,Tharaka-Nithi,2020,10,2020-10-01,35.0,fewsnet_prices
008,Tharaka-Nithi,2020,11,2020-11-01,34.0,fewsnet_prices
008,Tharaka-Nithi,2020,12,2020-12-01,35.0,fewsnet_prices
008,Tharaka-Nithi,2021,1,2021-01-01,42.3,fewsnet_prices
008,Tharaka-Nithi,2021,2,2021-02-01,39.7,fewsnet_prices
008,Tharaka-Nithi,2021,3,2021-03-01,39.2,fewsnet_prices
008,Tharaka-Nithi,2021,4,2021-04-01,44.35,fewsnet_prices
008,Tharaka-Nithi,2021,5,2021-05-01,39.4,fewsnet_prices
008,Tharaka-Nithi,2021,6,2021-06-01,43.3,fewsnet_prices
008,Tharaka-Nithi,2021,7,2021-07-01,44.95,fewsnet_prices
008,Tharaka-Nithi,2021,8,2021-08-01,44.3,fewsnet_prices
008,Tharaka-Nithi,2021,9,2021-09-01,46.05,fewsnet_prices
008,Tharaka-Nithi,2021,10,2021-10-01,49.55,fewsnet_prices
008,Tharaka-Nithi,2021,11,2021-11-01,40.0,fewsnet_prices
008,Tharaka-Nithi,2021,12,2021-12-01,42.0,fewsnet_prices
008,Tharaka-Nithi,2022,1,2022-01-01,42.0,fewsnet_prices
008,Tharaka-Nithi,2022,2,2022-02-01,41.0,fewsnet_prices
008,Tharaka-Nithi,2022,3,2022-03-01,43.0,fewsnet_prices
008,Tharaka-Nithi,2022,4,2022-04-01,49.0,fewsnet_prices
008,Tharaka-Nithi,2022,5,2022-05-01,50.0,fewsnet_prices
008,Tharaka-Nithi,2022,6,2022-06-01,79.0,fewsnet_prices
008,Tharaka-Nithi,2022,7,2022-07-01,82.0,fewsnet_prices
008,Tharaka-Nithi,2022,8,2022-08-01,79.0,fewsnet_prices
008,Tharaka-Nithi,2022,9,2022-09-01,75.0,fewsnet_prices
008,Tharaka-Nithi,2022,10,2022-10-01,76.0,fewsnet_prices
008,Tharaka-Nithi,2022,11,2022-11-01,76.0,fewsnet_prices
008,Tharaka-Nithi,2022,12,2022-12-01,76.0,fewsnet_prices
009,Embu,2019,1,2019-01-01,25.24,fewsnet_prices
009,Embu,2019,2,2019-02-01,24.58,fewsnet_prices
009,Embu,2019,3,2019-03-01,23.84,fewsnet_prices
009,Embu,2019,4,2019-04-01,26.34,fewsnet_prices
009,Embu,2019,5,2019-05-01,38.0,fewsnet_prices
009,Embu,2019,6,2019-06-01,47.0,fewsnet_prices
009,Embu,2019,7,2019-07-01,47.0,fewsnet_prices
009,Embu,2019,8,2019-08-01,48.0,fewsnet_prices
009,Embu,2019,9,2019-09-01,50.0,fewsnet_prices
009,Embu,2019,10,2019-10-01,47.0,fewsnet_prices
009,Embu,2019,11,2019-11-01,49.0,fewsnet_prices
009,Embu,2019,12,2019-12-01,47.0,fewsnet_prices
009,Embu,2020,1,2020-01-01,47.33,fewsnet_prices
009,Embu,2020,2,2020-02-01,51.42,fewsnet_prices
009,Embu,2020,3,2020-03-01,58.35,fewsnet_prices
009,Embu,2020,4,2020-04-01,41.0,fewsnet_prices
009,Embu,2020,5,2020-05-01,51.3,fewsnet_prices
009,Embu,2020,6,2020-06-01,36.48,fewsnet_prices
009,Embu,2020,8,2020-08-01,31.0,fewsnet_prices
009,Embu,2020,9,2020-09-01,36.0,fewsnet_prices
009,Embu,2020,10,2020-10-01,35.0,fewsnet_prices
009,Embu,2020,11,2020-11-01,35.0,fewsnet_prices
009,Embu,2020,12,2020-12-01,35.0,fewsnet_prices
009,Embu,2021,1,2021-01-01,33.23,fewsnet_prices
009,Embu,2021,2,2021-02-01,35.97,fewsnet_prices
009,Embu,2021,3,2021-03-01,35.7,fewsnet_prices
009,Embu,2021,4,2021-04-01,36.4,fewsnet_prices
009,Embu,2021,5,2021-05-01,36.7,fewsnet_prices
009,Embu,2021,6,2021-06-01,36.07,fewsnet_prices
009,Embu,2021,7,2021-07-01,36.17,fewsnet_prices
009,Embu,2021,8,2021-08-01,39.0,fewsnet_prices
009,Embu,2021,9,2021-09-01,41.57,fewsnet_prices
009,Embu,2021,10,2021-10-01,41.17,fewsnet_prices
009,Embu,2021,11,2021-11-01,40.55,fewsnet_prices
009,Embu,2021,12,2021-12-01,40.38,fewsnet_prices
009,Embu,2022,1,2022-01-01,39.75,fewsnet_prices
009,Embu,2022,2,2022-02-01,41.52,fewsnet_prices
009,Embu,2022,3,2022-03-01,42.55,fewsnet_prices
009,Embu,2022,4,2022-04-01,43.38,fewsnet_prices
009,Embu,2022,5,2022-05-01,47.65,fewsnet_prices
009,Embu,2022,6,2022-06-01,65.45,fewsnet_prices
009,Embu,2022,7,2022-07-01,95.8,fewsnet_prices
009,Embu,2022,8,2022-08-01,89.33,fewsnet_prices
009,Embu,2022,9,2022-09-01,83.53,fewsnet_prices
009,Embu,2022,10,2022-10-01,89.95,fewsnet_prices
009,Embu,2022,11,2022-11-01,92.42,fewsnet_prices
009,Embu,2022,12,2022-12-01,93.28,fewsnet_prices
010,Kitui,2019,1,2019-01-01,27.0,fewsnet_prices
010,Kitui,2019,2,2019-02-01,26.0,fewsnet_prices
010,Kitui,2019,3,2019-03-01,27.4,fewsnet_prices
010,Kitui,2019,4,2019-04-01,31.62,fewsnet_prices
010,Kitui,2019,5,2019-05-01,41.0,fewsnet_prices
010,Kitui,2019,6,2019-06-01,40.5,fewsnet_prices
010,Kitui,2019,7,2019-07-01,44.0,fewsnet_prices
010,Kitui,2019,8,2019-08-01,45.0,fewsnet_prices
010,Kitui,2019,9,2019-09-01,43.0,fewsnet_prices
010,Kitui,2019,10,2019-10-01,42.5,fewsnet_prices
010,Kitui,2019,11,2019-11-01,42.0,fewsnet_prices
010,Kitui,2019,12,2019-12-01,42.5,fewsnet_prices
010,Kitui,2020,1,2020-01-01,39.0,fewsnet_prices
010,Kitui,2020,2,2020-02-01,33.5,fewsnet_prices
010,Kitui,2020,3,2020-03-01,30.0,fewsnet_prices
010,Kitui,2020,4,2020-04-01,31.0,fewsnet_prices
010,Kitui,2020,5,2020-05-01,34.5,fewsnet_prices
010,Kitui,2020,6,2020-06-01,34.0,fewsnet_prices
010,Kitui,2020,7,2020-07-01,33.5,fewsnet_prices
010,Kitui,2020,8,2020-08-01,32.75,fewsnet_prices
010,Kitui,2020,9,2020-09-01,33.25,fewsnet_prices
010,Kitui,2020,10,2020-10-01,33.0,fewsnet_prices
010,Kitui,2020,11,2020-11-01,37.5,fewsnet_prices
010,Kitui,2020,12,2020-12-01,33.0,fewsnet_prices
010,Kitui,2021,1,2021-01-01,34.5,fewsnet_prices
010,Kitui,2021,2,2021-02-01,33.9,fewsnet_prices
010,Kitui,2021,3,2021-03-01,34.0,fewsnet_prices
010,Kitui,2021,4,2021-04-01,31.0,fewsnet_prices
010,Kitui,2021,5,2021-05-01,31.5,fewsnet_prices
010,Kitui,2021,6,2021-06-01,32.25,fewsnet_prices
010,Kitui,2021,7,2021-07-01,34.0,fewsnet_prices
010,Kitui,2021,8,2021-08-01,34.5,fewsnet_prices
010,Kitui,2021,9,2021-09-01,34.5,fewsnet_prices
010,Kitui,2021,10,2021-10-01,35.5,fewsnet_prices
010,Kitui,2021,11,2021-11-01,36.0,fewsnet_prices
010,Kitui,2021,12,2021-12-01,36.5,fewsnet_prices
010,Kitui,2022,1,2022-01-01,40.8,fewsnet_prices
010,Kitui,2022,2,2022-02-01,41.0,fewsnet_prices
010,Kitui,2022,3,2022-03-01,43.0,fewsnet_prices
010,Kitui,2022,4,2022-04-01,46.15,fewsnet_prices
010,Kitui,2022,5,2022-05-01,53.0,fewsnet_prices
010,Kitui,2022,6,2022-06-01,60.0,fewsnet_prices
010,Kitui,2022,7,2022-07-01,74.0,fewsnet_prices
010,Kitui,2022,8,2022-08-01,70.0,fewsnet_prices
010,Kitui,2022,9,2022-09-01,69.0,fewsnet_prices
010,Kitui,2022,10,2022-10-01,65.15,fewsnet_prices
010,Kitui,2022,11,2022-11-01,66.5,fewsnet_prices
010,Kitui,2022,12,2022-12-01,67.5,fewsnet_prices
012,Makueni,2019,1,2019-01-01,29.0,fewsnet_prices
012,Makueni,2019,2,2019-02-01,29.0,fewsnet_prices
012,Makueni,2019,3,2019-03-01,28.75,fewsnet_prices
012,Makueni,2019,4,2019-04-01,42.5,fewsnet_prices
012,Makueni,2019,5,2019-05-01,40.36,fewsnet_prices
012,Makueni,2019,6,2019-06-01,40.0,fewsnet_prices
012,Makueni,2019,7,2019-07-01,45.0,fewsnet_prices
012,Makueni,2019,8,2019-08-01,45.0,fewsnet_prices
012,Makueni,2019,9,2019-09-01,45.0,fewsnet_prices
012,Makueni,2019,10,2019-10-01,44.66,fewsnet_prices
012,Makueni,2019,11,2019-11-01,45.0,fewsnet_prices
012,Makueni,2019,12,2019-12-01,45.0,fewsnet_prices
012,Makueni,2020,1,2020-01-01,43.5,fewsnet_prices
012,Makueni,2020,2,2020-02-01,45.0,fewsnet_prices
012,Makueni,2020,3,2020-03-01,31.5,fewsnet_prices
012,Makueni,2020,4,2020-04-01,33.0,fewsnet_prices
012,Makueni,2020,6,2020-06-01,35.0,fewsnet_prices
012,Makueni,2020,7,2020-07-01,35.0,fewsnet_prices
012,Makueni,2020,8,2020-08-01,35.0,fewsnet_prices
012,Makueni,2020,9,2020-09-01,35.0,fewsnet_prices
012,Makueni,2020,10,2020-10-01,36.0,fewsnet_prices
012,Makueni,2020,11,2020-11-01,36.0,fewsnet_prices
012,Makueni,2020,12,2020-12-01,36.0,fewsnet_prices
012,Makueni,2021,1,2021-01-01,35.5,fewsnet_prices
012,Makueni,2021,2,2021-02-01,35.85,fewsnet_prices
012,Makueni,2021,3,2021-03-01,33.9,fewsnet_prices
012,Makueni,2021,4,2021-04-01,34.65,fewsnet_prices
012,Makueni,2021,5,2021-05-01,33.95,fewsnet_prices
012,Makueni,2021,6,2021-06-01,35.0,fewsnet_prices
012,Makueni,2021,7,2021-07-01,35.0,fewsnet_prices
012,Makueni,2021,8,2021-08-01,35.0,fewsnet_prices
012,Makueni,2021,9,2021-09-01,35.0,fewsnet_prices
012,Makueni,2021,10,2021-10-01,35.3,fewsnet_prices
012,Makueni,2021,11,2021-11-01,37.5,fewsnet_prices
012,Makueni,2021,12,2021-12-01,40.0,fewsnet_prices
012,Makueni,2022,1,2022-01-01,40.0,fewsnet_prices
012,Makueni,2022,2,2022-02-01,45.0,fewsnet_prices
012,Makueni,2022,3,2022-03-01,45.0,fewsnet_prices
012,Makueni,2022,4,2022-04-01,50.0,fewsnet_prices
012,Makueni,2022,5,2022-05-01,60.0,fewsnet_prices
012,Makueni,2022,6,2022-06-01,70.0,fewsnet_prices
012,Makueni,2022,7,2022-07-01,80.0,fewsnet_prices
012,Makueni,2022,8,2022-08-01,70.0,fewsnet_prices
012,Makueni,2022,9,2022-09-01,70.0,fewsnet_prices
012,Makueni,2022,10,2022-10-01,70.0,fewsnet_prices
012,Makueni,2022,11,2022-11-01,70.0,fewsnet_prices
012,Makueni,2022,12,2022-12-01,75.0,fewsnet_prices
013,Wajir,2019,1,2019-01-01,50.0,fewsnet_prices
013,Wajir,2019,2,2019-02-01,51.0,fewsnet_prices
013,Wajir,2019,3,2019-03-01,53.0,fewsnet_prices
013,Wajir,2019,4,2019-04-01,56.0,fewsnet_prices
013,Wajir,2019,5,2019-05-01,53.0,fewsnet_prices
013,Wajir,2019,6,2019-06-01,56.0,fewsnet_prices
013,Wajir,2019,7,2019-07-01,57.0,fewsnet_prices
013,Wajir,2019,8,2019-08-01,57.0,fewsnet_prices
013,Wajir,2019,9,2019-09-01,55.0,fewsnet_prices
013,Wajir,2019,10,2019-10-01,53.0,fewsnet_prices
013,Wajir,2019,11,2019-11-01,51.0,fewsnet_prices
013,Wajir,2019,12,2019-12-01,48.0,fewsnet_prices
013,Wajir,2020,1,2020-01-01,75.5,fewsnet_prices
013,Wajir,2020,2,2020-02-01,52.0,fewsnet_prices
013,Wajir,2020,3,2020-03-01,77.5,fewsnet_prices
013,Wajir,2020,4,2020-04-01,59.0,fewsnet_prices
013,Wajir,2020,8,2020-08-01,76.5,fewsnet_prices
013,Wajir,2020,9,2020-09-01,76.5,fewsnet_prices
013,Wajir,2020,10,2020-10-01,78.0,fewsnet_prices
013,Wajir,2020,11,2020-11-01,78.0,fewsnet_prices
013,Wajir,2020,12,2020-12-01,76.5,fewsnet_prices
013,Wajir,2021,1,2021-01-01,56.0,fewsnet_prices
013,Wajir,2021,2,2021-02-01,56.0,fewsnet_prices
013,Wajir,2021,3,2021-03-01,60.0,fewsnet_prices
013,Wajir,2021,4,2021-04-01,63.0,fewsnet_prices
013,Wajir,2021,5,2021-05-01,63.0,fewsnet_prices
013,Wajir,2021,6,2021-06-01,67.0,fewsnet_prices
013,Wajir,2021,7,2021-07-01,70.0,fewsnet_prices
013,Wajir,2021,8,2021-08-01,70.0,fewsnet_prices
013,Wajir,2021,9,2021-09-01,70.0,fewsnet_prices
013,Wajir,2021,10,2021-10-01,70.0,fewsnet_prices
013,Wajir,2021,11,2021-11-01,65.0,fewsnet_prices
013,Wajir,2021,12,2021-12-01,68.0,fewsnet_prices
013,Wajir,2022,1,2022-01-01,57.0,fewsnet_prices
013,Wajir,2022,2,2022-02-01,62.0,fewsnet_prices
013,Wajir,2022,3,2022-03-01,67.0,fewsnet_prices
013,Wajir,2022,4,2022-04-01,68.0,fewsnet_prices
013,Wajir,2022,5,2022-05-01,67.0,fewsnet_prices
013,Wajir,2022,6,2022-06-01,72.0,fewsnet_prices
013,Wajir,2022,7,2022-07-01,75.0,fewsnet_prices
013,Wajir,2022,8,2022-08-01,75.0,fewsnet_prices
013,Wajir,2022,9,2022-09-01,87.0,fewsnet_prices
013,Wajir,2022,10,2022-10-01,100.0,fewsnet_prices
013,Wajir,2022,11,2022-11-01,100.0,fewsnet_prices
013,Wajir,2022,12,2022-12-01,96.0,fewsnet_prices
014,Mandera,2019,1,2019-01-01,68.0,fewsnet_prices
014,Mandera,2019,2,2019-02-01,70.0,fewsnet_prices
014,Mandera,2019,3,2019-03-01,75.0,fewsnet_prices
014,Mandera,2019,4,2019-04-01,74.0,fewsnet_prices
014,Mandera,2019,5,2019-05-01,75.0,fewsnet_prices
014,Mandera,2019,6,2019-06-01,75.0,fewsnet_prices
014,Mandera,2019,7,2019-07-01,76.0,fewsnet_prices
014,Mandera,2019,8,2019-08-01,80.0,fewsnet_prices
014,Mandera,2019,9,2019-09-01,81.0,fewsnet_prices
014,Mandera,2019,10,2019-10-01,80.0,fewsnet_prices
014,Mandera,2019,11,2019-11-01,85.0,fewsnet_prices
014,Mandera,2019,12,2019-12-01,80.0,fewsnet_prices
014,Mandera,2020,1,2020-01-01,80.0,fewsnet_prices
014,Mandera,2020,2,2020-02-01,79.0,fewsnet_prices
014,Mandera,2020,3,2020-03-01,77.0,fewsnet_prices
014,Mandera,2020,4,2020-04-01,81.0,fewsnet_prices
014,Mandera,2020,8,2020-08-01,82.0,fewsnet_prices
014,Mandera,2020,9,2020-09-01,84.0,fewsnet_prices
014,Mandera,2020,10,2020-10-01,82.0,fewsnet_prices
014,Mandera,2020,11,2020-11-01,83.0,fewsnet_prices
014,Mandera,2020,12,2020-12-01,82.0,fewsnet_prices
014,Mandera,2021,1,2021-01-01,83.0,fewsnet_prices
014,Mandera,2021,2,2021-02-01,82.0,fewsnet_prices
014,Mandera,2021,3,2021-03-01,82.0,fewsnet_prices
014,Mandera,2021,4,2021-04-01,84.0,fewsnet_prices
014,Mandera,2021,5,2021-05-01,83.0,fewsnet_prices
014,Mandera,2021,6,2021-06-01,83.0,fewsnet_prices
014,Mandera,2021,7,2021-07-01,83.0,fewsnet_prices
014,Mandera,2021,8,2021-08-01,82.0,fewsnet_prices
014,Mandera,2021,9,2021-09-01,84.0,fewsnet_prices
014,Mandera,2021,10,2021-10-01,88.0,fewsnet_prices
014,Mandera,2021,11,2021-11-01,85.0,fewsnet_prices
014,Mandera,2021,12,2021-12-01,85.0,fewsnet_prices
014,Mandera,2022,1,2022-01-01,88.0,fewsnet_prices
014,Mandera,2022,2,2022-02-01,90.0,fewsnet_prices
014,Mandera,2022,3,2022-03-01,91.0,fewsnet_prices
014,Mandera,2022,4,2022-04-01,92.0,fewsnet_prices
014,Mandera,2022,5,2022-05-01,91.0,fewsnet_prices
014,Mandera,2022,6,2022-06-01,93.0,fewsnet_prices
014,Mandera,2022,7,2022-07-01,94.0,fewsnet_prices
014,Mandera,2022,8,2022-08-01,97.0,fewsnet_prices
014,Mandera,2022,9,2022-09-01,97.0,fewsnet_prices
014,Mandera,2022,10,2022-10-01,100.0,fewsnet_prices
014,Mandera,2022,11,2022-11-01,100.0,fewsnet_prices
014,Mandera,2022,12,2022-12-01,103.0,fewsnet_prices
015,Marsabit,2019,1,2019-01-01,36.75,fewsnet_prices
015,Marsabit,2019,2,2019-02-01,38.25,fewsnet_prices
015,Marsabit,2019,3,2019-03-01,44.12,fewsnet_prices
015,Marsabit,2019,4,2019-04-01,48.25,fewsnet_prices
015,Marsabit,2019,5,2019-05-01,48.0,fewsnet_prices
015,Marsabit,2019,6,2019-06-01,47.0,fewsnet_prices
015,Marsabit,2019,7,2019-07-01,49.25,fewsnet_prices
015,Marsabit,2019,8,2019-08-01,49.75,fewsnet_prices
015,Marsabit,2019,9,2019-09-01,50.25,fewsnet_prices
015,Marsabit,2019,10,2019-10-01,52.5,fewsnet_prices
015,Marsabit,2019,11,2019-11-01,49.0,fewsnet_prices
015,Marsabit,2019,12,2019-12-01,45.0,fewsnet_prices
015,Marsabit,2020,1,2020-01-01,45.0,fewsnet_prices
015,Marsabit,2020,2,2020-02-01,43.0,fewsnet_prices
015,Marsabit,2020,3,2020-03-01,43.0,fewsnet_prices
015,Marsabit,2020,4,2020-04-01,47.0,fewsnet_prices
015,Marsabit,2020,8,2020-08-01,45.0,fewsnet_prices
015,Marsabit,2020,9,2020-09-01,45.0,fewsnet_prices
015,Marsabit,2020,10,2020-10-01,44.0,fewsnet_prices
015,Marsabit,2020,11,2020-11-01,44.0,fewsnet_prices
015,Marsabit,2020,12,2020-12-01,47.0,fewsnet_prices
015,Marsabit,2021,1,2021-01-01,54.0,fewsnet_prices
015,Marsabit,2021,2,2021-02-01,51.9,fewsnet_prices
015,Marsabit,2021,3,2021-03-01,50.75,fewsnet_prices
015,Marsabit,2021,4,2021-04-01,50.0,fewsnet_prices
015,Marsabit,2021,5,2021-05-01,51.0,fewsnet_prices
015,Marsabit,2021,6,2021-06-01,53.75,fewsnet_prices
015,Marsabit,2021,7,2021-07-01,51.1,fewsnet_prices
015,Marsabit,2021,8,2021-08-01,50.0,fewsnet_prices
015,Marsabit,2021,9,2021-09-01,53.5,fewsnet_prices
015,Marsabit,2021,10,2021-10-01,55.0,fewsnet_prices
015,Marsabit,2021,11,2021-11-01,55.0,fewsnet_prices
015,Marsabit,2021,12,2021-12-01,55.0,fewsnet_prices
015,Marsabit,2022,1,2022-01-01,55.0,fewsnet_prices
015,Marsabit,2022,2,2022-02-01,57.0,fewsnet_prices
015,Marsabit,2022,3,2022-03-01,58.0,fewsnet_prices
015,Marsabit,2022,4,2022-04-01,60.0,fewsnet_prices
015,Marsabit,2022,5,2022-05-01,65.0,fewsnet_prices
015,Marsabit,2022,6,2022-06-01,66.0,fewsnet_prices
015,Marsabit,2022,7,2022-07-01,70.0,fewsnet_prices
015,Marsabit,2022,8,2022-08-01,75.0,fewsnet_prices
015,Marsabit,2022,9,2022-09-01,88.0,fewsnet_prices
015,Marsabit,2022,10,2022-10-01,87.0,fewsnet_prices
015,Marsabit,2022,11,2022-11-01,85.0,fewsnet_prices
015,Marsabit,2022,12,2022-12-01,80.0,fewsnet_prices
016,Garissa,2019,1,2019-01-01,62.5,fewsnet_prices
016,Garissa,2019,2,2019-02-01,62.5,fewsnet_prices
016,Garissa,2019,3,2019-03-01,57.5,fewsnet_prices
016,Garissa,2019,4,2019-04-01,61.25,fewsnet_prices
016,Garissa,2019,5,2019-05-01,64.5,fewsnet_prices
016,Garissa,2019,6,2019-06-01,66.0,fewsnet_prices
016,Garissa,2019,7,2019-07-01,59.56,fewsnet_prices
016,Garissa,2019,8,2019-08-01,60.41,fewsnet_prices
016,Garissa,2019,9,2019-09-01,58.34,fewsnet_prices
016,Garissa,2019,10,2019-10-01,65.0,fewsnet_prices
016,Garissa,2019,11,2019-11-01,65.0,fewsnet_prices
016,Garissa,2019,12,2019-12-01,68.0,fewsnet_prices
016,Garissa,2020,1,2020-01-01,67.5,fewsnet_prices
016,Garissa,2020,2,2020-02-01,66.65,fewsnet_prices
016,Garissa,2020,3,2020-03-01,69.0,fewsnet_prices
016,Garissa,2020,4,2020-04-01,66.5,fewsnet_prices
016,Garissa,2020,5,2020-05-01,67.0,fewsnet_prices
016,Garissa,2020,6,2020-06-01,72.75,fewsnet_prices
016,Garissa,2020,7,2020-07-01,70.25,fewsnet_prices
016,Garissa,2020,8,2020-08-01,69.0,fewsnet_prices
016,Garissa,2020,9,2020-09-01,70.0,fewsnet_prices
016,Garissa,2020,10,2020-10-01,70.0,fewsnet_prices
016,Garissa,2020,11,2020-11-01,70.0,fewsnet_prices
016,Garissa,2020,12,2020-12-01,70.0,fewsnet_prices
016,Garissa,2021,1,2021-01-01,70.0,fewsnet_prices
016,Garissa,2021,2,2021-02-01,70.0,fewsnet_prices
016,Garissa,2021,3,2021-03-01,72.0,fewsnet_prices
016,Garissa,2021,4,2021-04-01,72.0,fewsnet_prices
016,Garissa,2021,5,2021-05-01,72.5,fewsnet_prices
016,Garissa,2021,6,2021-06-01,70.0,fewsnet_prices
016,Garissa,2021,7,2021-07-01,72.5,fewsnet_prices
016,Garissa,2021,8,2021-08-01,75.0,fewsnet_prices
016,Garissa,2021,9,2021-09-01,73.55,fewsnet_prices
016,Garissa,2021,10,2021-10-01,76.65,fewsnet_prices
016,Garissa,2021,11,2021-11-01,85.0,fewsnet_prices
016,Garissa,2021,12,2021-12-01,85.0,fewsnet_prices
016,Garissa,2022,1,2022-01-01,70.0,fewsnet_prices
016,Garissa,2022,2,2022-02-01,70.0,fewsnet_prices
016,Garissa,2022,3,2022-03-01,75.0,fewsnet_prices
016,Garissa,2022,4,2022-04-01,75.0,fewsnet_prices
016,Garissa,2022,5,2022-05-01,78.0,fewsnet_prices
016,Garissa,2022,6,2022-06-01,85.0,fewsnet_prices
016,Garissa,2022,7,2022-07-01,85.0,fewsnet_prices
016,Garissa,2022,8,2022-08-01,90.0,fewsnet_prices
016,Garissa,2022,9,2022-09-01,100.0,fewsnet_prices
016,Garissa,2022,10,2022-10-01,105.0,fewsnet_prices
016,Garissa,2022,11,2022-11-01,105.0,fewsnet_prices
016,Garissa,2022,12,2022-12-01,100.0,fewsnet_prices
017,Taita Taveta,2019,1,2019-01-01,29.0,fewsnet_prices
017,Taita Taveta,2019,2,2019-02-01,29.0,fewsnet_prices
017,Taita Taveta,2019,3,2019-03-01,31.0,fewsnet_prices
017,Taita Taveta,2019,4,2019-04-01,34.0,fewsnet_prices
017,Taita Taveta,2019,5,2019-05-01,41.0,fewsnet_prices
017,Taita Taveta,2019,6,2019-06-01,42.0,fewsnet_prices
017,Taita Taveta,2019,7,2019-07-01,41.0,fewsnet_prices
017,Taita Taveta,2019,8,2019-08-01,42.0,fewsnet_prices
017,Taita Taveta,2019,9,2019-09-01,44.0,fewsnet_prices
017,Taita Taveta,2019,10,2019-10-01,46.0,fewsnet_prices
017,Taita Taveta,2019,11,2019-11-01,46.0,fewsnet_prices
017,Taita Taveta,2019,12,2019-12-01,46.0,fewsnet_prices
017,Taita Taveta,2020,1,2020-01-01,44.0,fewsnet_prices
017,Taita Taveta,2020,2,2020-02-01,43.0,fewsnet_prices
017,Taita Taveta,2020,3,2020-03-01,39.0,fewsnet_prices
017,Taita Taveta,2020,4,2020-04-01,37.0,fewsnet_prices
017,Taita Taveta,2020,8,2020-08-01,36.0,fewsnet_prices
017,Taita Taveta,2020,9,2020-09-01,36.0,fewsnet_prices
017,Taita Taveta,2020,10,2020-10-01,36.0,fewsnet_prices
017,Taita Taveta,2020,11,2020-11-01,38.0,fewsnet_prices
017,Taita Taveta,2020,12,2020-12-01,39.0,fewsnet_prices
017,Taita Taveta,2021,1,2021-01-01,38.25,fewsnet_prices
017,Taita Taveta,2021,2,2021-02-01,37.35,fewsnet_prices
017,Taita Taveta,2021,3,2021-03-01,37.4,fewsnet_prices
017,Taita Taveta,2021,4,2021-04-01,35.0,fewsnet_prices
017,Taita Taveta,2021,5,2021-05-01,35.0,fewsnet_prices
017,Taita Taveta,2021,6,2021-06-01,36.0,fewsnet_prices
017,Taita Taveta,2021,7,2021-07-01,37.0,fewsnet_prices
017,Taita Taveta,2021,8,2021-08-01,38.0,fewsnet_prices
017,Taita Taveta,2021,9,2021-09-01,38.0,fewsnet_prices
017,Taita Taveta,2021,10,2021-10-01,40.0,fewsnet_prices
017,Taita Taveta,2021,11,2021-11-01,40.0,fewsnet_prices
017,Taita Taveta,2021,12,2021-12-01,41.0,fewsnet_prices
017,Taita Taveta,2022,1,2022-01-01,44.0,fewsnet_prices
017,Taita Taveta,2022,2,2022-02-01,44.0,fewsnet_prices
017,Taita Taveta,2022,3,2022-03-01,45.2,fewsnet_prices
017,Taita Taveta,2022,4,2022-04-01,47.0,fewsnet_prices
017,Taita Taveta,2022,5,2022-05-01,54.0,fewsnet_prices
017,Taita Taveta,2022,6,2022-06-01,60.0,fewsnet_prices
017,Taita Taveta,2022,7,2022-07-01,66.0,fewsnet_prices
017,Taita Taveta,2022,8,2022-08-01,70.0,fewsnet_prices
017,Taita Taveta,2022,9,2022-09-01,73.0,fewsnet_prices
017,Taita Taveta,2022,10,2022-10-01,74.0,fewsnet_prices
017,Taita Taveta,2022,11,2022-11-01,77.0,fewsnet_prices
017,Taita Taveta,2022,12,2022-12-01,78.0,fewsnet_prices
018,Nakuru,2019,1,2019-01-01,27.78,fewsnet_prices
018,Nakuru,2019,2,2019-02-01,27.78,fewsnet_prices
018,Nakuru,2019,3,2019-03-01,34.72,fewsnet_prices
018,Nakuru,2019,4,2019-04-01,38.89,fewsnet_prices
018,Nakuru,2019,5,2019-05-01,47.22,fewsnet_prices
018,Nakuru,2019,6,2019-06-01,48.33,fewsnet_prices
018,Nakuru,2019,7,2019-07-01,45.0,fewsnet_prices
018,Nakuru,2019,8,2019-08-01,35.0,fewsnet_prices
018,Nakuru,2019,9,2019-09-01,35.0,fewsnet_prices
018,Nakuru,2019,10,2019-10-01,35.0,fewsnet_prices
018,Nakuru,2019,11,2019-11-01,37.5,fewsnet_prices
018,Nakuru,2019,12,2019-12-01,40.0,fewsnet_prices
018,Nakuru,2020,1,2020-01-01,43.3,fewsnet_prices
018,Nakuru,2020,2,2020-02-01,45.0,fewsnet_prices
018,Nakuru,2020,3,2020-03-01,45.0,fewsnet_prices
018,Nakuru,2020,8,2020-08-01,41.5,fewsnet_prices
018,Nakuru,2020,9,2020-09-01,57.5,fewsnet_prices
018,Nakuru,2020,10,2020-10-01,45.0,fewsnet_prices
018,Nakuru,2020,11,2020-11-01,43.3,fewsnet_prices
018,Nakuru,2020,12,2020-12-01,40.0,fewsnet_prices
018,Nakuru,2021,1,2021-01-01,52.5,fewsnet_prices
018,Nakuru,2021,2,2021-02-01,45.0,fewsnet_prices
018,Nakuru,2021,3,2021-03-01,45.0,fewsnet_prices
018,Nakuru,2021,4,2021-04-01,45.0,fewsnet_prices
018,Nakuru,2021,6,2021-06-01,62.5,fewsnet_prices
018,Nakuru,2021,7,2021-07-01,52.5,fewsnet_prices
018,Nakuru,2021,8,2021-08-01,48.3,fewsnet_prices
018,Nakuru,2021,9,2021-09-01,50.0,fewsnet_prices
018,Nakuru,2021,10,2021-10-01,47.9,fewsnet_prices
019,Narok,2019,1,2019-01-01,32.5,fewsnet_prices
019,Narok,2019,2,2019-02-01,30.25,fewsnet_prices
019,Narok,2019,3,2019-03-01,30.16,fewsnet_prices
019,Narok,2019,4,2019-04-01,39.0,fewsnet_prices
019,Narok,2019,5,2019-05-01,41.5,fewsnet_prices
019,Narok,2019,6,2019-06-01,44.2,fewsnet_prices
019,Narok,2019,7,2019-07-01,51.0,fewsnet_prices
019,Narok,2019,8,2019-08-01,41.0,fewsnet_prices
019,Narok,2019,9,2019-09-01,38.0,fewsnet_prices
019,Narok,2019,10,2019-10-01,42.4,fewsnet_prices
019,Narok,2019,11,2019-11-01,47.0,fewsnet_prices
019,Narok,2019,12,2019-12-01,50.0,fewsnet_prices
019,Narok,2020,1,2020-01-01,45.5,fewsnet_prices
019,Narok,2020,2,2020-02-01,41.5,fewsnet_prices
019,Narok,2020,3,2020-03-01,40.0,fewsnet_prices
019,Narok,2020,4,2020-04-01,50.0,fewsnet_prices
019,Narok,2020,5,2020-05-01,51.0,fewsnet_prices
019,Narok,2020,6,2020-06-01,52.0,fewsnet_prices
019,Narok,2020,7,2020-07-01,46.0,fewsnet_prices
019,Narok,2020,8,2020-08-01,48.0,fewsnet_prices
019,Narok,2020,9,2020-09-01,43.0,fewsnet_prices
019,Narok,2020,10,2020-10-01,38.25,fewsnet_prices
019,Narok,2020,11,2020-11-01,31.5,fewsnet_prices
019,Narok,2020,12,2020-12-01,39.5,fewsnet_prices
019,Narok,2021,1,2021-01-01,36.0,fewsnet_prices
019,Narok,2021,2,2021-02-01,35.47,fewsnet_prices
019,Narok,2021,3,2021-03-01,37.5,fewsnet_prices
019,Narok,2021,4,2021-04-01,40.0,fewsnet_prices
019,Narok,2021,5,2021-05-01,41.0,fewsnet_prices
019,Narok,2021,6,2021-06-01,40.5,fewsnet_prices
019,Narok,2021,7,2021-07-01,40.85,fewsnet_prices
019,Narok,2021,8,2021-08-01,38.5,fewsnet_prices
019,Narok,2021,9,2021-09-01,35.55,fewsnet_prices
019,Narok,2021,10,2021-10-01,36.45,fewsnet_prices
019,Narok,2021,11,2021-11-01,46.0,fewsnet_prices
019,Narok,2021,12,2021-12-01,48.0,fewsnet_prices
019,Narok,2022,1,2022-01-01,40.3,fewsnet_prices
019,Narok,2022,2,2022-02-01,41.15,fewsnet_prices
019,Narok,2022,3,2022-03-01,41.3,fewsnet_prices
019,Narok,2022,4,2022-04-01,48.55,fewsnet_prices
019,Narok,2022,5,2022-05-01,56.65,fewsnet_prices
019,Narok,2022,6,2022-06-01,69.3,fewsnet_prices
019,Narok,2022,7,2022-07-01,75.65,fewsnet_prices
019,Narok,2022,8,2022-08-01,63.65,fewsnet_prices
019,Narok,2022,9,2022-09-01,67.8,fewsnet_prices
019,Narok,2022,10,2022-10-01,73.6,fewsnet_prices
019,Narok,2022,11,2022-11-01,74.2,fewsnet_prices
019,Narok,2022,12,2022-12-01,73.7,fewsnet_prices
020,Kajiado,2019,1,2019-01-01,43.5,fewsnet_prices
020,Kajiado,2019,2,2019-02-01,47.09,fewsnet_prices
020,Kajiado,2019,3,2019-03-01,55.75,fewsnet_prices
020,Kajiado,2019,4,2019-04-01,51.0,fewsnet_prices
020,Kajiado,2019,5,2019-05-01,56.16,fewsnet_prices
020,Kajiado,2019,6,2019-06-01,50.59,fewsnet_prices
020,Kajiado,2019,7,2019-07-01,51.06,fewsnet_prices
020,Kajiado,2019,8,2019-08-01,62.25,fewsnet_prices
020,Kajiado,2019,9,2019-09-01,52.5,fewsnet_prices
020,Kajiado,2019,10,2019-10-01,49.0,fewsnet_prices
020,Kajiado,2019,11,2019-11-01,45.0,fewsnet_prices
020,Kajiado,2019,12,2019-12-01,48.0,fewsnet_prices
020,Kajiado,2020,1,2020-01-01,51.5,fewsnet_prices
020,Kajiado,2020,2,2020-02-01,47.5,fewsnet_prices
020,Kajiado,2020,3,2020-03-01,45.75,fewsnet_prices
020,Kajiado,2020,4,2020-04-01,49.9,fewsnet_prices
020,Kajiado,2020,5,2020-05-01,44.0,fewsnet_prices
020,Kajiado,2020,6,2020-06-01,41.3,fewsnet_prices
020,Kajiado,2020,7,2020-07-01,48.0,fewsnet_prices
020,Kajiado,2020,8,2020-08-01,49.0,fewsnet_prices
020,Kajiado,2020,9,2020-09-01,51.5,fewsnet_prices
020,Kajiado,2020,10,2020-10-01,52.5,fewsnet_prices
020,Kajiado,2020,11,2020-11-01,52.15,fewsnet_prices
020,Kajiado,2020,12,2020-12-01,51.9,fewsnet_prices
020,Kajiado,2021,1,2021-01-01,52.5,fewsnet_prices
020,Kajiado,2021,2,2021-02-01,50.6,fewsnet_prices
020,Kajiado,2021,3,2021-03-01,46.0,fewsnet_prices
020,Kajiado,2021,4,2021-04-01,47.95,fewsnet_prices
020,Kajiado,2021,5,2021-05-01,50.0,fewsnet_prices
020,Kajiado,2021,6,2021-06-01,51.25,fewsnet_prices
020,Kajiado,2021,7,2021-07-01,52.0,fewsnet_prices
020,Kajiado,2021,8,2021-08-01,52.5,fewsnet_prices
020,Kajiado,2021,9,2021-09-01,53.0,fewsnet_prices
020,Kajiado,2021,10,2021-10-01,54.5,fewsnet_prices
020,Kajiado,2021,11,2021-11-01,53.0,fewsnet_prices
020,Kajiado,2021,12,2021-12-01,51.4,fewsnet_prices
020,Kajiado,2022,1,2022-01-01,50.0,fewsnet_prices
020,Kajiado,2022,2,2022-02-01,50.0,fewsnet_prices
020,Kajiado,2022,3,2022-03-01,48.0,fewsnet_prices
020,Kajiado,2022,4,2022-04-01,57.0,fewsnet_prices
020,Kajiado,2022,5,2022-05-01,60.0,fewsnet_prices
020,Kajiado,2022,6,2022-06-01,68.0,fewsnet_prices
020,Kajiado,2022,7,2022-07-01,75.0,fewsnet_prices
020,Kajiado,2022,8,2022-08-01,82.0,fewsnet_prices
020,Kajiado,2022,9,2022-09-01,89.0,fewsnet_prices
020,Kajiado,2022,10,2022-10-01,93.0,fewsnet_prices
020,Kajiado,2022,11,2022-11-01,93.0,fewsnet_prices
020,Kajiado,2022,12,2022-12-01,92.0,fewsnet_prices
021,Kiambu,2019,1,2019-01-01,43.18,fewsnet_prices
021,Kiambu,2019,2,2019-02-01,40.56,fewsnet_prices
021,Kiambu,2019,3,2019-03-01,36.41,fewsnet_prices
021,Kiambu,2019,4,2019-04-01,48.67,fewsnet_prices
021,Kiambu,2019,5,2019-05-01,51.67,fewsnet_prices
021,Kiambu,2019,6,2019-06-01,53.0,fewsnet_prices
021,Kiambu,2019,7,2019-07-01,55.2,fewsnet_prices
021,Kiambu,2019,8,2019-08-01,49.0,fewsnet_prices
021,Kiambu,2019,9,2019-09-01,44.71,fewsnet_prices
021,Kiambu,2019,10,2019-10-01,56.01,fewsnet_prices
021,Kiambu,2019,11,2019-11-01,49.75,fewsnet_prices
021,Kiambu,2019,12,2019-12-01,49.58,fewsnet_prices
021,Kiambu,2020,1,2020-01-01,46.12,fewsnet_prices
021,Kiambu,2020,2,2020-02-01,45.5,fewsnet_prices
021,Kiambu,2020,3,2020-03-01,47.43,fewsnet_prices
021,Kiambu,2020,4,2020-04-01,48.0,fewsnet_prices
021,Kiambu,2020,7,2020-07-01,46.67,fewsnet_prices
021,Kiambu,2020,8,2020-08-01,44.7,fewsnet_prices
021,Kiambu,2020,9,2020-09-01,41.75,fewsnet_prices
021,Kiambu,2020,10,2020-10-01,43.33,fewsnet_prices
021,Kiambu,2020,11,2020-11-01,45.67,fewsnet_prices
021,Kiambu,2020,12,2020-12-01,45.17,fewsnet_prices
021,Kiambu,2021,1,2021-01-01,46.67,fewsnet_prices
021,Kiambu,2021,2,2021-02-01,45.2,fewsnet_prices
021,Kiambu,2021,3,2021-03-01,43.7,fewsnet_prices
021,Kiambu,2021,4,2021-04-01,43.95,fewsnet_prices
021,Kiambu,2021,5,2021-05-01,47.33,fewsnet_prices
021,Kiambu,2021,6,2021-06-01,46.12,fewsnet_prices
021,Kiambu,2021,7,2021-07-01,46.5,fewsnet_prices
021,Kiambu,2021,8,2021-08-01,46.2,fewsnet_prices
021,Kiambu,2021,9,2021-09-01,46.5,fewsnet_prices
021,Kiambu,2021,10,2021-10-01,42.67,fewsnet_prices
021,Kiambu,2021,11,2021-11-01,49.0,fewsnet_prices
021,Kiambu,2021,12,2021-12-01,49.0,fewsnet_prices
021,Kiambu,2022,1,2022-01-01,46.67,fewsnet_prices
021,Kiambu,2022,2,2022-02-01,47.27,fewsnet_prices
021,Kiambu,2022,3,2022-03-01,46.33,fewsnet_prices
021,Kiambu,2022,4,2022-04-01,50.87,fewsnet_prices
021,Kiambu,2022,5,2022-05-01,56.87,fewsnet_prices
021,Kiambu,2022,6,2022-06-01,77.83,fewsnet_prices
021,Kiambu,2022,7,2022-07-01,75.0,fewsnet_prices
021,Kiambu,2022,8,2022-08-01,72.17,fewsnet_prices
021,Kiambu,2022,9,2022-09-01,82.0,fewsnet_prices
021,Kiambu,2022,10,2022-10-01,84.67,fewsnet_prices
021,Kiambu,2022,11,2022-11-01,82.67,fewsnet_prices
021,Kiambu,2022,12,2022-12-01,83.33,fewsnet_prices
