county_code,county_name,year,month,date,food_security_risk_index,data_source
001,Mombasa,2019,2,2019-02-01,0.0,fewsnet_ipc
001,Mombasa,2019,6,2019-06-01,0.0,fewsnet_ipc
001,Mombasa,2019,10,2019-10-01,0.0,fewsnet_ipc
001,Mombasa,2020,2,2020-02-01,0.0,fewsnet_ipc
001,Mombasa,2020,6,2020-06-01,25.0,fewsnet_ipc
001,Mombasa,2020,10,2020-10-01,0.0,fewsnet_ipc
001,Mombasa,2021,2,2021-02-01,0.0,fewsnet_ipc
001,Mombasa,2021,6,2021-06-01,0.0,fewsnet_ipc
001,Mombasa,2021,10,2021-10-01,0.0,fewsnet_ipc
001,Mombasa,2022,2,2022-02-01,0.0,fewsnet_ipc
001,Mombasa,2022,6,2022-06-01,0.0,fewsnet_ipc
001,Mombasa,2022,10,2022-10-01,0.0,fewsnet_ipc
002,Kwale,2019,2,2019-02-01,25.0,fewsnet_ipc
002,Kwale,2019,6,2019-06-01,25.0,fewsnet_ipc
002,Kwale,2019,10,2019-10-01,25.0,fewsnet_ipc
002,Kwale,2020,2,2020-02-01,25.0,fewsnet_ipc
002,Kwale,2020,6,2020-06-01,25.0,fewsnet_ipc
002,Kwale,2020,10,2020-10-01,25.0,fewsnet_ipc
002,Kwale,2021,2,2021-02-01,25.0,fewsnet_ipc
002,Kwale,2021,6,2021-06-01,25.0,fewsnet_ipc
002,Kwale,2021,10,2021-10-01,25.0,fewsnet_ipc
002,Kwale,2022,2,2022-02-01,25.0,fewsnet_ipc
002,Kwale,2022,6,2022-06-01,25.0,fewsnet_ipc
002,Kwale,2022,10,2022-10-01,25.0,fewsnet_ipc
003,Kilifi,2019,2,2019-02-01,25.0,fewsnet_ipc
003,Kilifi,2019,6,2019-06-01,25.0,fewsnet_ipc
003,Kilifi,2019,10,2019-10-01,25.0,fewsnet_ipc
003,Kilifi,2020,2,2020-02-01,25.0,fewsnet_ipc
003,Kilifi,2020,6,2020-06-01,25.0,fewsnet_ipc
003,Kilifi,2020,10,2020-10-01,25.0,fewsnet_ipc
003,Kilifi,2021,2,2021-02-01,25.0,fewsnet_ipc
003,Kilifi,2021,6,2021-06-01,25.0,fewsnet_ipc
003,Kilifi,2021,10,2021-10-01,25.0,fewsnet_ipc
003,Kilifi,2022,2,2022-02-01,25.0,fewsnet_ipc
003,Kilifi,2022,6,2022-06-01,25.0,fewsnet_ipc
003,Kilifi,2022,10,2022-10-01,25.0,fewsnet_ipc
004,Tana River,2019,2,2019-02-01,25.0,fewsnet_ipc
004,Tana River,2019,6,2019-06-01,50.0,fewsnet_ipc
004,Tana River,2019,10,2019-10-01,50.0,fewsnet_ipc
004,Tana River,2020,2,2020-02-01,50.0,fewsnet_ipc
004,Tana River,2020,6,2020-06-01,50.0,fewsnet_ipc
004,Tana River,2020,10,2020-10-01,25.0,fewsnet_ipc
004,Tana River,2021,2,2021-02-01,50.0,fewsnet_ipc
004,Tana River,2021,6,2021-06-01,50.0,fewsnet_ipc
004,Tana River,2021,10,2021-10-01,50.0,fewsnet_ipc
004,Tana River,2022,2,2022-02-01,50.0,fewsnet_ipc
004,Tana River,2022,6,2022-06-01,75.0,fewsnet_ipc
004,Tana River,2022,10,2022-10-01,75.0,fewsnet_ipc
005,Lamu,2019,2,2019-02-01,25.0,fewsnet_ipc
005,Lamu,2019,6,2019-06-01,25.0,fewsnet_ipc
005,Lamu,2019,10,2019-10-01,50.0,fewsnet_ipc
005,Lamu,2020,2,2020-02-01,25.0,fewsnet_ipc
005,Lamu,2020,6,2020-06-01,25.0,fewsnet_ipc
005,Lamu,2020,10,2020-10-01,25.0,fewsnet_ipc
005,Lamu,2021,2,2021-02-01,25.0,fewsnet_ipc
005,Lamu,2021,6,2021-06-01,25.0,fewsnet_ipc
005,Lamu,2021,10,2021-10-01,25.0,fewsnet_ipc
005,Lamu,2022,2,2022-02-01,25.0,fewsnet_ipc
005,Lamu,2022,6,2022-06-01,25.0,fewsnet_ipc
005,Lamu,2022,10,2022-10-01,25.0,fewsnet_ipc
006,Isiolo,2019,2,2019-02-01,25.0,fewsnet_ipc
006,Isiolo,2019,6,2019-06-01,50.0,fewsnet_ipc
006,Isiolo,2019,10,2019-10-01,50.0,fewsnet_ipc
006,Isiolo,2020,2,2020-02-01,25.0,fewsnet_ipc
006,Isiolo,2020,6,2020-06-01,25.0,fewsnet_ipc
006,Isiolo,2020,10,2020-10-01,25.0,fewsnet_ipc
006,Isiolo,2021,2,2021-02-01,50.0,fewsnet_ipc
006,Isiolo,2021,6,2021-06-01,50.0,fewsnet_ipc
006,Isiolo,2021,10,2021-10-01,50.0,fewsnet_ipc
006,Isiolo,2022,2,2022-02-01,50.0,fewsnet_ipc
006,Isiolo,2022,6,2022-06-01,50.0,fewsnet_ipc
006,Isiolo,2022,10,2022-10-01,50.0,fewsnet_ipc
007,Meru,2019,2,2019-02-01,0.0,fewsnet_ipc
007,Meru,2019,6,2019-06-01,25.0,fewsnet_ipc
007,Meru,2019,10,2019-10-01,50.0,fewsnet_ipc
007,Meru,2020,2,2020-02-01,0.0,fewsnet_ipc
007,Meru,2020,6,2020-06-01,0.0,fewsnet_ipc
007,Meru,2020,10,2020-10-01,25.0,fewsnet_ipc
007,Meru,2021,2,2021-02-01,25.0,fewsnet_ipc
007,Meru,2021,6,2021-06-01,25.0,fewsnet_ipc
007,Meru,2021,10,2021-10-01,25.0,fewsnet_ipc
007,Meru,2022,2,2022-02-01,50.0,fewsnet_ipc
007,Meru,2022,6,2022-06-01,50.0,fewsnet_ipc
007,Meru,2022,10,2022-10-01,50.0,fewsnet_ipc
008,Tharaka-Nithi,2019,2,2019-02-01,25.0,fewsnet_ipc
008,Tharaka-Nithi,2019,6,2019-06-01,25.0,fewsnet_ipc
008,Tharaka-Nithi,2019,10,2019-10-01,50.0,fewsnet_ipc
008,Tharaka-Nithi,2020,2,2020-02-01,25.0,fewsnet_ipc
008,Tharaka-Nithi,2020,6,2020-06-01,25.0,fewsnet_ipc
008,Tharaka-Nithi,2020,10,2020-10-01,25.0,fewsnet_ipc
008,Tharaka-Nithi,2021,2,2021-02-01,25.0,fewsnet_ipc
008,Tharaka-Nithi,2021,6,2021-06-01,25.0,fewsnet_ipc
008,Tharaka-Nithi,2021,10,2021-10-01,25.0,fewsnet_ipc
008,Tharaka-Nithi,2022,2,2022-02-01,25.0,fewsnet_ipc
008,Tharaka-Nithi,2022,6,2022-06-01,50.0,fewsnet_ipc
008,Tharaka-Nithi,2022,10,2022-10-01,50.0,fewsnet_ipc
009,Embu,2019,2,2019-02-01,0.0,fewsnet_ipc
009,Embu,2019,6,2019-06-01,25.0,fewsnet_ipc
009,Embu,2019,10,2019-10-01,25.0,fewsnet_ipc
009,Embu,2020,2,2020-02-01,0.0,fewsnet_ipc
009,Embu,2020,6,2020-06-01,0.0,fewsnet_ipc
009,Embu,2020,10,2020-10-01,25.0,fewsnet_ipc
009,Embu,2021,2,2021-02-01,25.0,fewsnet_ipc
009,Embu,2021,6,2021-06-01,25.0,fewsnet_ipc
009,Embu,2021,10,2021-10-01,25.0,fewsnet_ipc
009,Embu,2022,2,2022-02-01,25.0,fewsnet_ipc
009,Embu,2022,6,2022-06-01,25.0,fewsnet_ipc
009,Embu,2022,10,2022-10-01,25.0,fewsnet_ipc
010,Kitui,2019,2,2019-02-01,25.0,fewsnet_ipc
010,Kitui,2019,6,2019-06-01,25.0,fewsnet_ipc
010,Kitui,2019,10,2019-10-01,50.0,fewsnet_ipc
010,Kitui,2020,2,2020-02-01,0.0,fewsnet_ipc
010,Kitui,2020,6,2020-06-01,0.0,fewsnet_ipc
010,Kitui,2020,10,2020-10-01,25.0,fewsnet_ipc
010,Kitui,2021,2,2021-02-01,25.0,fewsnet_ipc
010,Kitui,2021,6,2021-06-01,25.0,fewsnet_ipc
010,Kitui,2021,10,2021-10-01,25.0,fewsnet_ipc
010,Kitui,2022,2,2022-02-01,50.0,fewsnet_ipc
010,Kitui,2022,6,2022-06-01,50.0,fewsnet_ipc
010,Kitui,2022,10,2022-10-01,50.0,fewsnet_ipc
011,Machakos,2019,2,2019-02-01,0.0,fewsnet_ipc
011,Machakos,2019,6,2019-06-01,0.0,fewsnet_ipc
011,Machakos,2019,10,2019-10-01,0.0,fewsnet_ipc
011,Machakos,2020,2,2020-02-01,0.0,fewsnet_ipc
011,Machakos,2020,6,2020-06-01,0.0,fewsnet_ipc
011,Machakos,2020,10,2020-10-01,0.0,fewsnet_ipc
011,Machakos,2021,2,2021-02-01,0.0,fewsnet_ipc
011,Machakos,2021,6,2021-06-01,0.0,fewsnet_ipc
011,Machakos,2021,10,2021-10-01,0.0,fewsnet_ipc
011,Machakos,2022,2,2022-02-01,0.0,fewsnet_ipc
011,Machakos,2022,6,2022-06-01,0.0,fewsnet_ipc
011,Machakos,2022,10,2022-10-01,0.0,fewsnet_ipc
012,Makueni,2019,2,2019-02-01,25.0,fewsnet_ipc
012,Makueni,2019,6,2019-06-01,25.0,fewsnet_ipc
012,Makueni,2019,10,2019-10-01,50.0,fewsnet_ipc
012,Makueni,2020,2,2020-02-01,0.0,fewsnet_ipc
012,Makueni,2020,6,2020-06-01,0.0,fewsnet_ipc
012,Makueni,2020,10,2020-10-01,25.0,fewsnet_ipc
012,Makueni,2021,2,2021-02-01,25.0,fewsnet_ipc
012,Makueni,2021,6,2021-06-01,25.0,fewsnet_ipc
012,Makueni,2021,10,2021-10-01,25.0,fewsnet_ipc
012,Makueni,2022,2,2022-02-01,50.0,fewsnet_ipc
012,Makueni,2022,6,2022-06-01,50.0,fewsnet_ipc
012,Makueni,2022,10,2022-10-01,50.0,fewsnet_ipc
013,Wajir,2019,2,2019-02-01,25.0,fewsnet_ipc
013,Wajir,2019,6,2019-06-01,50.0,fewsnet_ipc
013,Wajir,2019,10,2019-10-01,50.0,fewsnet_ipc
013,Wajir,2020,2,2020-02-01,25.0,fewsnet_ipc
013,Wajir,2020,6,2020-06-01,25.0,fewsnet_ipc
013,Wajir,2020,10,2020-10-01,25.0,fewsnet_ipc
013,Wajir,2021,2,2021-02-01,50.0,fewsnet_ipc
013,Wajir,2021,6,2021-06-01,50.0,fewsnet_ipc
013,Wajir,2021,10,2021-10-01,50.0,fewsnet_ipc
013,Wajir,2022,2,2022-02-01,50.0,fewsnet_ipc
013,Wajir,2022,6,2022-06-01,50.0,fewsnet_ipc
013,Wajir,2022,10,2022-10-01,50.0,fewsnet_ipc
014,Mandera,2019,2,2019-02-01,25.0,fewsnet_ipc
014,Mandera,2019,6,2019-06-01,25.0,fewsnet_ipc
014,Mandera,2019,10,2019-10-01,50.0,fewsnet_ipc
014,Mandera,2020,2,2020-02-01,25.0,fewsnet_ipc
014,Mandera,2020,6,2020-06-01,50.0,fewsnet_ipc
014,Mandera,2020,10,2020-10-01,25.0,fewsnet_ipc
014,Mandera,2021,2,2021-02-01,50.0,fewsnet_ipc
014,Mandera,2021,6,2021-06-01,25.0,fewsnet_ipc
014,Mandera,2021,10,2021-10-01,50.0,fewsnet_ipc
014,Mandera,2022,2,2022-02-01,50.0,fewsnet_ipc
014,Mandera,2022,6,2022-06-01,50.0,fewsnet_ipc
014,Mandera,2022,10,2022-10-01,50.0,fewsnet_ipc
015,Marsabit,2019,2,2019-02-01,25.0,fewsnet_ipc
015,Marsabit,2019,6,2019-06-01,50.0,fewsnet_ipc
015,Marsabit,2019,10,2019-10-01,50.0,fewsnet_ipc
015,Marsabit,2020,2,2020-02-01,25.0,fewsnet_ipc
015,Marsabit,2020,6,2020-06-01,25.0,fewsnet_ipc
015,Marsabit,2020,10,2020-10-01,25.0,fewsnet_ipc
015,Marsabit,2021,2,2021-02-01,50.0,fewsnet_ipc
015,Marsabit,2021,6,2021-06-01,50.0,fewsnet_ipc
015,Marsabit,2021,10,2021-10-01,50.0,fewsnet_ipc
015,Marsabit,2022,2,2022-02-01,50.0,fewsnet_ipc
015,Marsabit,2022,6,2022-06-01,50.0,fewsnet_ipc
015,Marsabit,2022,10,2022-10-01,75.0,fewsnet_ipc
016,Garissa,2019,2,2019-02-01,25.0,fewsnet_ipc
016,Garissa,2019,6,2019-06-01,50.0,fewsnet_ipc
016,Garissa,2019,10,2019-10-01,50.0,fewsnet_ipc
016,Garissa,2020,2,2020-02-01,25.0,fewsnet_ipc
016,Garissa,2020,6,2020-06-01,25.0,fewsnet_ipc
016,Garissa,2020,10,2020-10-01,25.0,fewsnet_ipc
016,Garissa,2021,2,2021-02-01,25.0,fewsnet_ipc
016,Garissa,2021,6,2021-06-01,50.0,fewsnet_ipc
016,Garissa,2021,10,2021-10-01,50.0,fewsnet_ipc
016,Garissa,2022,2,2022-02-01,50.0,fewsnet_ipc
016,Garissa,2022,6,2022-06-01,50.0,fewsnet_ipc
016,Garissa,2022,10,2022-10-01,50.0,fewsnet_ipc
017,Taita Taveta,2019,2,2019-02-01,25.0,fewsnet_ipc
017,Taita Taveta,2019,6,2019-06-01,25.0,fewsnet_ipc
017,Taita Taveta,2019,10,2019-10-01,25.0,fewsnet_ipc
017,Taita Taveta,2020,2,2020-02-01,0.0,fewsnet_ipc
017,Taita Taveta,2020,6,2020-06-01,0.0,fewsnet_ipc
017,Taita Taveta,2020,10,2020-10-01,25.0,fewsnet_ipc
017,Taita Taveta,2021,2,2021-02-01,0.0,fewsnet_ipc
017,Taita Taveta,2021,6,2021-06-01,25.0,fewsnet_ipc
017,Taita Taveta,2021,10,2021-10-01,25.0,fewsnet_ipc
017,Taita Taveta,2022,2,2022-02-01,25.0,fewsnet_ipc
017,Taita Taveta,2022,6,2022-06-01,25.0,fewsnet_ipc
017,Taita Taveta,2022,10,2022-10-01,25.0,fewsnet_ipc
018,Nakuru,2019,2,2019-02-01,0.0,fewsnet_ipc
018,Nakuru,2019,6,2019-06-01,0.0,fewsnet_ipc
018,Nakuru,2019,10,2019-10-01,0.0,fewsnet_ipc
018,Nakuru,2020,2,2020-02-01,0.0,fewsnet_ipc
018,Nakuru,2020,6,2020-06-01,0.0,fewsnet_ipc
018,Nakuru,2020,10,2020-10-01,0.0,fewsnet_ipc
018,Nakuru,2021,2,2021-02-01,0.0,fewsnet_ipc
018,Nakuru,2021,6,2021-06-01,0.0,fewsnet_ipc
018,Nakuru,2021,10,2021-10-01,0.0,fewsnet_ipc
018,Nakuru,2022,2,2022-02-01,0.0,fewsnet_ipc
018,Nakuru,2022,6,2022-06-01,0.0,fewsnet_ipc
018,Nakuru,2022,10,2022-10-01,0.0,fewsnet_ipc
019,Narok,2019,2,2019-02-01,25.0,fewsnet_ipc
019,Narok,2019,6,2019-06-01,0.0,fewsnet_ipc
019,Narok,2019,10,2019-10-01,25.0,fewsnet_ipc
019,Narok,2020,2,2020-02-01,0.0,fewsnet_ipc
019,Narok,2020,6,2020-06-01,0.0,fewsnet_ipc
019,Narok,2020,10,2020-10-01,25.0,fewsnet_ipc
019,Narok,2021,2,2021-02-01,25.0,fewsnet_ipc
019,Narok,2021,6,2021-06-01,25.0,fewsnet_ipc
019,Narok,2021,10,2021-10-01,25.0,fewsnet_ipc
019,Narok,2022,2,2022-02-01,0.0,fewsnet_ipc
019,Narok,2022,6,2022-06-01,0.0,fewsnet_ipc
019,Narok,2022,10,2022-10-01,0.0,fewsnet_ipc
020,Kajiado,2019,2,2019-02-01,25.0,fewsnet_ipc
020,Kajiado,2019,6,2019-06-01,25.0,fewsnet_ipc
020,Kajiado,2019,10,2019-10-01,25.0,fewsnet_ipc
020,Kajiado,2020,2,2020-02-01,25.0,fewsnet_ipc
020,Kajiado,2020,6,2020-06-01,25.0,fewsnet_ipc
020,Kajiado,2020,10,2020-10-01,25.0,fewsnet_ipc
020,Kajiado,2021,2,2021-02-01,25.0,fewsnet_ipc
020,Kajiado,2021,6,2021-06-01,25.0,fewsnet_ipc
020,Kajiado,2021,10,2021-10-01,25.0,fewsnet_ipc
020,Kajiado,2022,2,2022-02-01,25.0,fewsnet_ipc
020,Kajiado,2022,6,2022-06-01,25.0,fewsnet_ipc
020,Kajiado,2022,10,2022-10-01,25.0,fewsnet_ipc
021,Kiambu,2019,2,2019-02-01,0.0,fewsnet_ipc
021,Kiambu,2019,6,2019-06-01,0.0,fewsnet_ipc
021,Kiambu,2019,10,2019-10-01,0.0,fewsnet_ipc
021,Kiambu,2020,2,2020-02-01,0.0,fewsnet_ipc
021,Kiambu,2020,6,2020-06-01,0.0,fewsnet_ipc
021,Kiambu,2020,10,2020-10-01,0.0,fewsnet_ipc
021,Kiambu,2021,2,2021-02-01,0.0,fewsnet_ipc
021,Kiambu,2021,6,2021-06-01,0.0,fewsnet_ipc
021,Kiambu,2021,10,2021-10-01,0.0,fewsnet_ipc
021,Kiambu,2022,2,2022-02-01,0.0,fewsnet_ipc
021,Kiambu,2022,6,2022-06-01,0.0,fewsnet_ipc
021,Kiambu,2022,10,2022-10-01,0.0,fewsnet_ipc
