county_code,county_name,year,month,date,ndvi,evi,data_source
001,Mombasa,2019,1,2019-01-01,0.5258,0.3381,modis
001,Mombasa,2019,2,2019-02-01,0.4486,0.2727,modis
001,Mombasa,2019,3,2019-03-01,0.3937,0.2434,modis
001,Mombasa,2019,4,2019-04-01,0.3888,0.2314,modis
001,Mombasa,2019,5,2019-05-01,0.3875,0.2503,modis
001,Mombasa,2019,6,2019-06-01,0.6457,0.436,modis
001,Mombasa,2019,7,2019-07-01,0.5601,0.3535,modis
001,Mombasa,2019,8,2019-08-01,0.5552,0.348,modis
001,Mombasa,2019,9,2019-09-01,0.497,0.3099,modis
001,Mombasa,2019,10,2019-10-01,0.5502,0.3839,modis
001,Mombasa,2019,11,2019-11-01,0.6652,0.4596,modis
001,Mombasa,2019,12,2019-12-01,0.6863,0.4967,modis
001,Mombasa,2020,1,2020-01-01,0.6082,0.4379,modis
001,Mombasa,2020,2,2020-02-01,0.579,0.4107,modis
001,Mombasa,2020,3,2020-03-01,0.5959,0.3685,modis
001,Mombasa,2020,4,2020-04-01,0.5942,0.3863,modis
001,Mombasa,2020,5,2020-05-01,0.6865,0.4214,modis
001,Mombasa,2020,6,2020-06-01,0.6531,0.4278,modis
001,Mombasa,2020,7,2020-07-01,0.562,0.3607,modis
001,Mombasa,2020,8,2020-08-01,0.493,0.3202,modis
001,Mombasa,2020,9,2020-09-01,0.4568,0.2796,modis
001,Mombasa,2020,10,2020-10-01,0.4567,0.2899,modis
001,Mombasa,2020,11,2020-11-01,0.5778,0.3863,modis
001,Mombasa,2020,12,2020-12-01,0.57,0.3769,modis
001,Mombasa,2021,1,2021-01-01,0.4981,0.2975,modis
001,Mombasa,2021,2,2021-02-01,0.4396,0.2753,modis
001,Mombasa,2021,3,2021-03-01,0.3798,0.2373,modis
001,Mombasa,2021,4,2021-04-01,0.3763,0.2245,modis
001,Mombasa,2021,5,2021-05-01,0.4418,0.2807,modis
001,Mombasa,2021,6,2021-06-01,0.4488,0.2791,modis
001,Mombasa,2021,7,2021-07-01,0.4427,0.2893,modis
001,Mombasa,2021,8,2021-08-01,0.4258,0.2603,modis
001,Mombasa,2021,9,2021-09-01,0.389,0.2348,modis
001,Mombasa,2021,10,2021-10-01,0.3314,0.2129,modis
001,Mombasa,2021,11,2021-11-01,0.315,0.1906,modis
001,Mombasa,2021,12,2021-12-01,0.4657,0.2974,modis
001,Mombasa,2022,1,2022-01-01,0.4727,0.3195,modis
001,Mombasa,2022,2,2022-02-01,0.3801,0.245,modis
001,Mombasa,2022,3,2022-03-01,0.3418,0.2079,modis
001,Mombasa,2022,4,2022-04-01,0.3333,0.2085,modis
001,Mombasa,2022,5,2022-05-01,0.4289,0.2797,modis
001,Mombasa,2022,6,2022-06-01,0.4767,0.3211,modis
001,Mombasa,2022,7,2022-07-01,0.502,0.3306,modis
001,Mombasa,2022,8,2022-08-01,0.5213,0.3386,modis
001,Mombasa,2022,9,2022-09-01,0.4187,0.2669,modis
001,Mombasa,2022,10,2022-10-01,0.3207,0.2056,modis
001,Mombasa,2022,11,2022-11-01,0.3848,0.2399,modis
001,Mombasa,2022,12,2022-12-01,0.4282,0.2732,modis
002,Kwale,2019,1,2019-01-01,0.5444,0.3523,modis
002,Kwale,2019,2,2019-02-01,0.4534,0.279,modis
002,Kwale,2019,3,2019-03-01,0.4093,0.2467,modis
002,Kwale,2019,4,2019-04-01,0.4012,0.2376,modis
002,Kwale,2019,5,2019-05-01,0.396,0.2508,modis
002,Kwale,2019,6,2019-06-01,0.6511,0.4351,modis
002,Kwale,2019,7,2019-07-01,0.5638,0.3546,modis
002,Kwale,2019,8,2019-08-01,0.559,0.3475,modis
002,Kwale,2019,9,2019-09-01,0.4962,0.3049,modis
002,Kwale,2019,10,2019-10-01,0.5637,0.3817,modis
002,Kwale,2019,11,2019-11-01,0.6658,0.4597,modis
002,Kwale,2019,12,2019-12-01,0.7007,0.4957,modis
002,Kwale,2020,1,2020-01-01,0.6331,0.4406,modis
002,Kwale,2020,2,2020-02-01,0.5964,0.4159,modis
002,Kwale,2020,3,2020-03-01,0.6085,0.3871,modis
002,Kwale,2020,4,2020-04-01,0.6142,0.3929,modis
002,Kwale,2020,5,2020-05-01,0.6861,0.4127,modis
002,Kwale,2020,6,2020-06-01,0.6513,0.4238,modis
002,Kwale,2020,7,2020-07-01,0.55,0.3439,modis
002,Kwale,2020,8,2020-08-01,0.473,0.3001,modis
002,Kwale,2020,9,2020-09-01,0.4466,0.268,modis
002,Kwale,2020,10,2020-10-01,0.4491,0.275,modis
002,Kwale,2020,11,2020-11-01,0.596,0.3974,modis
002,Kwale,2020,12,2020-12-01,0.6098,0.4068,modis
002,Kwale,2021,1,2021-01-01,0.5283,0.3157,modis
002,Kwale,2021,2,2021-02-01,0.4691,0.2994,modis
002,Kwale,2021,3,2021-03-01,0.4087,0.2499,modis
002,Kwale,2021,4,2021-04-01,0.4101,0.2428,modis
002,Kwale,2021,5,2021-05-01,0.4991,0.3196,modis
002,Kwale,2021,6,2021-06-01,0.4932,0.3084,modis
002,Kwale,2021,7,2021-07-01,0.4538,0.2943,modis
002,Kwale,2021,8,2021-08-01,0.4257,0.2592,modis
002,Kwale,2021,9,2021-09-01,0.3966,0.2381,modis
002,Kwale,2021,10,2021-10-01,0.3428,0.2213,modis
002,Kwale,2021,11,2021-11-01,0.3295,0.196,modis
002,Kwale,2021,12,2021-12-01,0.4626,0.2882,modis
002,Kwale,2022,1,2022-01-01,0.4589,0.3007,modis
002,Kwale,2022,2,2022-02-01,0.3822,0.2446,modis
002,Kwale,2022,3,2022-03-01,0.3485,0.2118,modis
002,Kwale,2022,4,2022-04-01,0.3592,0.2196,modis
002,Kwale,2022,5,2022-05-01,0.4486,0.2928,modis
002,Kwale,2022,6,2022-06-01,0.4829,0.319,modis
002,Kwale,2022,7,2022-07-01,0.5076,0.3298,modis
002,Kwale,2022,8,2022-08-01,0.5308,0.3441,modis
002,Kwale,2022,9,2022-09-01,0.4247,0.2739,modis
002,Kwale,2022,10,2022-10-01,0.3439,0.2184,modis
002,Kwale,2022,11,2022-11-01,0.3908,0.2395,modis
002,Kwale,2022,12,2022-12-01,0.4451,0.283,modis
003,Kilifi,2019,1,2019-01-01,0.468,0.2941,modis
003,Kilifi,2019,2,2019-02-01,0.4254,0.2783,modis
003,Kilifi,2019,3,2019-03-01,0.3888,0.2419,modis
003,Kilifi,2019,4,2019-04-01,0.3994,0.2393,modis
003,Kilifi,2019,5,2019-05-01,0.4235,0.2647,modis
003,Kilifi,2019,6,2019-06-01,0.6274,0.4189,modis
003,Kilifi,2019,7,2019-07-01,0.6108,0.3969,modis
003,Kilifi,2019,8,2019-08-01,0.5899,0.3829,modis
003,Kilifi,2019,9,2019-09-01,0.5325,0.3517,modis
003,Kilifi,2019,10,2019-10-01,0.5845,0.409,modis
003,Kilifi,2019,11,2019-11-01,0.6825,0.4932,modis
003,Kilifi,2019,12,2019-12-01,0.6701,0.4882,modis
003,Kilifi,2020,1,2020-01-01,0.6114,0.4438,modis
003,Kilifi,2020,2,2020-02-01,0.5878,0.4084,modis
003,Kilifi,2020,3,2020-03-01,0.5768,0.3648,modis
003,Kilifi,2020,4,2020-04-01,0.5827,0.3985,modis
003,Kilifi,2020,5,2020-05-01,0.6937,0.4353,modis
003,Kilifi,2020,6,2020-06-01,0.6693,0.4409,modis
003,Kilifi,2020,7,2020-07-01,0.5942,0.4026,modis
003,Kilifi,2020,8,2020-08-01,0.589,0.3978,modis
003,Kilifi,2020,9,2020-09-01,0.5327,0.3365,modis
003,Kilifi,2020,10,2020-10-01,0.5204,0.3417,modis
003,Kilifi,2020,11,2020-11-01,0.5967,0.3941,modis
003,Kilifi,2020,12,2020-12-01,0.5697,0.3699,modis
003,Kilifi,2021,1,2021-01-01,0.4826,0.2923,modis
003,Kilifi,2021,2,2021-02-01,0.424,0.2779,modis
003,Kilifi,2021,3,2021-03-01,0.3872,0.2395,modis
003,Kilifi,2021,4,2021-04-01,0.4193,0.2577,modis
003,Kilifi,2021,5,2021-05-01,0.5129,0.3225,modis
003,Kilifi,2021,6,2021-06-01,0.5111,0.3197,modis
003,Kilifi,2021,7,2021-07-01,0.548,0.3519,modis
003,Kilifi,2021,8,2021-08-01,0.468,0.2852,modis
003,Kilifi,2021,9,2021-09-01,0.421,0.2448,modis
003,Kilifi,2021,10,2021-10-01,0.3725,0.2213,modis
003,Kilifi,2021,11,2021-11-01,0.3465,0.205,modis
003,Kilifi,2021,12,2021-12-01,0.5065,0.3259,modis
003,Kilifi,2022,1,2022-01-01,0.5396,0.363,modis
003,Kilifi,2022,2,2022-02-01,0.4318,0.2737,modis
003,Kilifi,2022,3,2022-03-01,0.3812,0.2293,modis
003,Kilifi,2022,4,2022-04-01,0.3655,0.2265,modis
003,Kilifi,2022,5,2022-05-01,0.4606,0.2996,modis
003,Kilifi,2022,6,2022-06-01,0.5357,0.3614,modis
003,Kilifi,2022,7,2022-07-01,0.6028,0.4023,modis
003,Kilifi,2022,8,2022-08-01,0.5412,0.3591,modis
003,Kilifi,2022,9,2022-09-01,0.4448,0.2826,modis
003,Kilifi,2022,10,2022-10-01,0.351,0.2253,modis
003,Kilifi,2022,11,2022-11-01,0.4177,0.2649,modis
003,Kilifi,2022,12,2022-12-01,0.4796,0.2984,modis
004,Tana River,2019,1,2019-01-01,0.4505,0.301,modis
004,Tana River,2019,2,2019-02-01,0.4145,0.285,modis
004,Tana River,2019,3,2019-03-01,0.3988,0.2513,modis
004,Tana River,2019,4,2019-04-01,0.4438,0.2756,modis
004,Tana River,2019,5,2019-05-01,0.4524,0.2801,modis
004,Tana River,2019,6,2019-06-01,0.5512,0.3586,modis
004,Tana River,2019,7,2019-07-01,0.5055,0.3056,modis
004,Tana River,2019,8,2019-08-01,0.4733,0.28,modis
004,Tana River,2019,9,2019-09-01,0.4159,0.2651,modis
004,Tana River,2019,10,2019-10-01,0.5574,0.3753,modis
004,Tana River,2019,11,2019-11-01,0.6685,0.4566,modis
004,Tana River,2019,12,2019-12-01,0.687,0.4739,modis
004,Tana River,2020,1,2020-01-01,0.6304,0.4218,modis
004,Tana River,2020,2,2020-02-01,0.5248,0.3647,modis
004,Tana River,2020,3,2020-03-01,0.5338,0.3537,modis
004,Tana River,2020,4,2020-04-01,0.6303,0.4119,modis
004,Tana River,2020,5,2020-05-01,0.6167,0.4063,modis
004,Tana River,2020,6,2020-06-01,0.5967,0.3741,modis
004,Tana River,2020,7,2020-07-01,0.5002,0.3163,modis
004,Tana River,2020,8,2020-08-01,0.4652,0.3007,modis
004,Tana River,2020,9,2020-09-01,0.4429,0.282,modis
004,Tana River,2020,10,2020-10-01,0.4377,0.2749,modis
004,Tana River,2020,11,2020-11-01,0.5918,0.3905,modis
004,Tana River,2020,12,2020-12-01,0.5421,0.3517,modis
004,Tana River,2021,1,2021-01-01,0.4549,0.2859,modis
004,Tana River,2021,2,2021-02-01,0.4454,0.2871,modis
004,Tana River,2021,3,2021-03-01,0.3851,0.2664,modis
004,Tana River,2021,4,2021-04-01,0.4895,0.303,modis
004,Tana River,2021,5,2021-05-01,0.5011,0.3067,modis
004,Tana River,2021,6,2021-06-01,0.4654,0.2791,modis
004,Tana River,2021,7,2021-07-01,0.4166,0.2515,modis
004,Tana River,2021,8,2021-08-01,0.3877,0.2283,modis
004,Tana River,2021,9,2021-09-01,0.3799,0.2167,modis
004,Tana River,2021,10,2021-10-01,0.3361,0.2066,modis
004,Tana River,2021,11,2021-11-01,0.3519,0.2165,modis
004,Tana River,2021,12,2021-12-01,0.5542,0.3509,modis
004,Tana River,2022,1,2022-01-01,0.5997,0.4007,modis
004,Tana River,2022,2,2022-02-01,0.4889,0.3082,modis
004,Tana River,2022,3,2022-03-01,0.401,0.2466,modis
004,Tana River,2022,4,2022-04-01,0.3953,0.2503,modis
004,Tana River,2022,5,2022-05-01,0.4636,0.29,modis
004,Tana River,2022,6,2022-06-01,0.5005,0.3081,modis
004,Tana River,2022,7,2022-07-01,0.4663,0.2809,modis
004,Tana River,2022,8,2022-08-01,0.4281,0.2634,modis
004,Tana River,2022,9,2022-09-01,0.3588,0.2305,modis
004,Tana River,2022,10,2022-10-01,0.2857,0.1815,modis
004,Tana River,2022,11,2022-11-01,0.4676,0.3055,modis
004,Tana River,2022,12,2022-12-01,0.5246,0.3387,modis
005,Lamu,2019,1,2019-01-01,0.5231,0.3344,modis
005,Lamu,2019,2,2019-02-01,0.5034,0.3114,modis
005,Lamu,2019,3,2019-03-01,0.4766,0.279,modis
005,Lamu,2019,4,2019-04-01,0.4973,0.2801,modis
005,Lamu,2019,5,2019-05-01,0.5189,0.3091,modis
005,Lamu,2019,6,2019-06-01,0.6668,0.4255,modis
005,Lamu,2019,7,2019-07-01,0.6805,0.4426,modis
005,Lamu,2019,8,2019-08-01,0.6213,0.3989,modis
005,Lamu,2019,9,2019-09-01,0.5726,0.3664,modis
005,Lamu,2019,10,2019-10-01,0.6049,0.397,modis
005,Lamu,2019,11,2019-11-01,0.6919,0.4486,modis
005,Lamu,2019,12,2019-12-01,0.7213,0.4484,modis
005,Lamu,2020,1,2020-01-01,0.6909,0.4513,modis
005,Lamu,2020,2,2020-02-01,0.5804,0.3798,modis
005,Lamu,2020,3,2020-03-01,0.5876,0.3741,modis
005,Lamu,2020,4,2020-04-01,0.6493,0.397,modis
005,Lamu,2020,5,2020-05-01,0.689,0.4733,modis
005,Lamu,2020,6,2020-06-01,0.6875,0.45,modis
005,Lamu,2020,7,2020-07-01,0.6586,0.4475,modis
005,Lamu,2020,8,2020-08-01,0.6379,0.4134,modis
005,Lamu,2020,9,2020-09-01,0.5836,0.3793,modis
005,Lamu,2020,10,2020-10-01,0.5692,0.3596,modis
005,Lamu,2020,11,2020-11-01,0.6083,0.3743,modis
005,Lamu,2020,12,2020-12-01,0.5927,0.3822,modis
005,Lamu,2021,1,2021-01-01,0.5404,0.3409,modis
005,Lamu,2021,2,2021-02-01,0.4761,0.293,modis
005,Lamu,2021,3,2021-03-01,0.4381,0.26,modis
005,Lamu,2021,4,2021-04-01,0.5218,0.3134,modis
005,Lamu,2021,5,2021-05-01,0.5227,0.3154,modis
005,Lamu,2021,6,2021-06-01,0.5808,0.3417,modis
005,Lamu,2021,7,2021-07-01,0.5667,0.3548,modis
005,Lamu,2021,8,2021-08-01,0.5292,0.3144,modis
005,Lamu,2021,9,2021-09-01,0.4727,0.2745,modis
005,Lamu,2021,10,2021-10-01,0.4285,0.252,modis
005,Lamu,2021,11,2021-11-01,0.4133,0.2375,modis
005,Lamu,2021,12,2021-12-01,0.5712,0.3524,modis
005,Lamu,2022,1,2022-01-01,0.6304,0.4026,modis
005,Lamu,2022,2,2022-02-01,0.5473,0.3485,modis
005,Lamu,2022,3,2022-03-01,0.4438,0.2673,modis
005,Lamu,2022,4,2022-04-01,0.4598,0.2734,modis
005,Lamu,2022,5,2022-05-01,0.546,0.3297,modis
005,Lamu,2022,6,2022-06-01,0.673,0.4406,modis
005,Lamu,2022,7,2022-07-01,0.6791,0.4497,modis
005,Lamu,2022,8,2022-08-01,0.6563,0.4428,modis
005,Lamu,2022,9,2022-09-01,0.5556,0.3757,modis
005,Lamu,2022,10,2022-10-01,0.4302,0.2819,modis
005,Lamu,2022,11,2022-11-01,0.546,0.3418,modis
005,Lamu,2022,12,2022-12-01,0.6099,0.3904,modis
006,Isiolo,2019,1,2019-01-01,0.5842,0.3431,modis
006,Isiolo,2019,2,2019-02-01,0.4935,0.298,modis
006,Isiolo,2019,3,2019-03-01,0.4679,0.2724,modis
006,Isiolo,2019,4,2019-04-01,0.4813,0.277,modis
006,Isiolo,2019,5,2019-05-01,0.5497,0.3207,modis
006,Isiolo,2019,6,2019-06-01,0.5412,0.3274,modis
006,Isiolo,2019,7,2019-07-01,0.4932,0.2921,modis
006,Isiolo,2019,8,2019-08-01,0.4778,0.2524,modis
006,Isiolo,2019,9,2019-09-01,0.4595,0.2525,modis
006,Isiolo,2019,10,2019-10-01,0.4596,0.2722,modis
006,Isiolo,2019,11,2019-11-01,0.6441,0.3726,modis
006,Isiolo,2019,12,2019-12-01,0.6859,0.4102,modis
006,Isiolo,2020,1,2020-01-01,0.639,0.3816,modis
006,Isiolo,2020,2,2020-02-01,0.6286,0.3649,modis
006,Isiolo,2020,3,2020-03-01,0.6003,0.3338,modis
006,Isiolo,2020,4,2020-04-01,0.6431,0.3939,modis
006,Isiolo,2020,5,2020-05-01,0.6843,0.4333,modis
006,Isiolo,2020,6,2020-06-01,0.6164,0.3618,modis
006,Isiolo,2020,7,2020-07-01,0.5324,0.3177,modis
006,Isiolo,2020,8,2020-08-01,0.5209,0.2679,modis
006,Isiolo,2020,9,2020-09-01,0.4994,0.2884,modis
006,Isiolo,2020,10,2020-10-01,0.4892,0.2781,modis
006,Isiolo,2020,11,2020-11-01,0.5805,0.3256,modis
006,Isiolo,2020,12,2020-12-01,0.597,0.3539,modis
006,Isiolo,2021,1,2021-01-01,0.5628,0.33,modis
006,Isiolo,2021,2,2021-02-01,0.5254,0.2823,modis
006,Isiolo,2021,3,2021-03-01,0.5077,0.2778,modis
006,Isiolo,2021,4,2021-04-01,0.5279,0.2922,modis
006,Isiolo,2021,5,2021-05-01,0.5623,0.3494,modis
006,Isiolo,2021,6,2021-06-01,0.5496,0.3205,modis
006,Isiolo,2021,7,2021-07-01,0.4256,0.2521,modis
006,Isiolo,2021,8,2021-08-01,0.4504,0.2566,modis
006,Isiolo,2021,9,2021-09-01,0.4398,0.2598,modis
006,Isiolo,2021,10,2021-10-01,0.4564,0.2465,modis
006,Isiolo,2021,11,2021-11-01,0.523,0.31,modis
006,Isiolo,2021,12,2021-12-01,0.6107,0.3641,modis
006,Isiolo,2022,1,2022-01-01,0.594,0.3522,modis
006,Isiolo,2022,2,2022-02-01,0.5134,0.2835,modis
006,Isiolo,2022,3,2022-03-01,0.4696,0.2756,modis
006,Isiolo,2022,4,2022-04-01,0.5086,0.2818,modis
006,Isiolo,2022,5,2022-05-01,0.5267,0.3037,modis
006,Isiolo,2022,6,2022-06-01,0.4904,0.2914,modis
006,Isiolo,2022,7,2022-07-01,0.4585,0.2607,modis
006,Isiolo,2022,8,2022-08-01,0.4155,0.2157,modis
006,Isiolo,2022,9,2022-09-01,0.4275,0.2344,modis
006,Isiolo,2022,10,2022-10-01,0.4161,0.2405,modis
006,Isiolo,2022,11,2022-11-01,0.4842,0.2733,modis
006,Isiolo,2022,12,2022-12-01,0.6021,0.3576,modis
007,Meru,2019,1,2019-01-01,0.6265,0.3751,modis
007,Meru,2019,2,2019-02-01,0.5137,0.3077,modis
007,Meru,2019,3,2019-03-01,0.4661,0.2671,modis
007,Meru,2019,4,2019-04-01,0.4653,0.258,modis
007,Meru,2019,5,2019-05-01,0.5826,0.3293,modis
007,Meru,2019,6,2019-06-01,0.5568,0.3309,modis
007,Meru,2019,7,2019-07-01,0.497,0.29,modis
007,Meru,2019,8,2019-08-01,0.4581,0.2392,modis
007,Meru,2019,9,2019-09-01,0.4375,0.235,modis
007,Meru,2019,10,2019-10-01,0.4578,0.2639,modis
007,Meru,2019,11,2019-11-01,0.6966,0.4114,modis
007,Meru,2019,12,2019-12-01,0.723,0.4516,modis
007,Meru,2020,1,2020-01-01,0.6867,0.4287,modis
007,Meru,2020,2,2020-02-01,0.6753,0.4041,modis
007,Meru,2020,3,2020-03-01,0.6453,0.3628,modis
007,Meru,2020,4,2020-04-01,0.6633,0.4167,modis
007,Meru,2020,5,2020-05-01,0.7211,0.4571,modis
007,Meru,2020,6,2020-06-01,0.6448,0.3915,modis
007,Meru,2020,7,2020-07-01,0.5505,0.325,modis
007,Meru,2020,8,2020-08-01,0.5124,0.2756,modis
007,Meru,2020,9,2020-09-01,0.4884,0.282,modis
007,Meru,2020,10,2020-10-01,0.4808,0.2695,modis
007,Meru,2020,11,2020-11-01,0.6287,0.3624,modis
007,Meru,2020,12,2020-12-01,0.6635,0.4088,modis
007,Meru,2021,1,2021-01-01,0.6305,0.3586,modis
007,Meru,2021,2,2021-02-01,0.5569,0.3121,modis
007,Meru,2021,3,2021-03-01,0.5226,0.2886,modis
007,Meru,2021,4,2021-04-01,0.565,0.3212,modis
007,Meru,2021,5,2021-05-01,0.6408,0.4081,modis
007,Meru,2021,6,2021-06-01,0.5956,0.3577,modis
007,Meru,2021,7,2021-07-01,0.4756,0.2762,modis
007,Meru,2021,8,2021-08-01,0.452,0.2598,modis
007,Meru,2021,9,2021-09-01,0.4335,0.2564,modis
007,Meru,2021,10,2021-10-01,0.454,0.2451,modis
007,Meru,2021,11,2021-11-01,0.5421,0.3206,modis
007,Meru,2021,12,2021-12-01,0.6557,0.4047,modis
007,Meru,2022,1,2022-01-01,0.6688,0.4065,modis
007,Meru,2022,2,2022-02-01,0.5471,0.3071,modis
007,Meru,2022,3,2022-03-01,0.4995,0.291,modis
007,Meru,2022,4,2022-04-01,0.5467,0.3053,modis
007,Meru,2022,5,2022-05-01,0.5971,0.3495,modis
007,Meru,2022,6,2022-06-01,0.5421,0.3221,modis
007,Meru,2022,7,2022-07-01,0.4791,0.2691,modis
007,Meru,2022,8,2022-08-01,0.4193,0.2122,modis
007,Meru,2022,9,2022-09-01,0.4211,0.2269,modis
007,Meru,2022,10,2022-10-01,0.4127,0.238,modis
007,Meru,2022,11,2022-11-01,0.5198,0.2945,modis
007,Meru,2022,12,2022-12-01,0.6728,0.428,modis
008,Tharaka-Nithi,2019,1,2019-01-01,0.7072,0.43,modis
008,Tharaka-Nithi,2019,2,2019-02-01,0.6141,0.3736,modis
008,Tharaka-Nithi,2019,3,2019-03-01,0.5642,0.3335,modis
008,Tharaka-Nithi,2019,4,2019-04-01,0.5767,0.3283,modis
008,Tharaka-Nithi,2019,5,2019-05-01,0.6564,0.3883,modis
008,Tharaka-Nithi,2019,6,2019-06-01,0.6259,0.3914,modis
008,Tharaka-Nithi,2019,7,2019-07-01,0.5786,0.3553,modis
008,Tharaka-Nithi,2019,8,2019-08-01,0.5555,0.2924,modis
008,Tharaka-Nithi,2019,9,2019-09-01,0.528,0.2906,modis
008,Tharaka-Nithi,2019,10,2019-10-01,0.5382,0.3226,modis
008,Tharaka-Nithi,2019,11,2019-11-01,0.6957,0.4044,modis
008,Tharaka-Nithi,2019,12,2019-12-01,0.7331,0.4447,modis
008,Tharaka-Nithi,2020,1,2020-01-01,0.7135,0.435,modis
008,Tharaka-Nithi,2020,2,2020-02-01,0.7233,0.4322,modis
008,Tharaka-Nithi,2020,3,2020-03-01,0.7142,0.3995,modis
008,Tharaka-Nithi,2020,4,2020-04-01,0.6902,0.4463,modis
008,Tharaka-Nithi,2020,5,2020-05-01,0.753,0.4794,modis
008,Tharaka-Nithi,2020,6,2020-06-01,0.6846,0.4177,modis
008,Tharaka-Nithi,2020,7,2020-07-01,0.6104,0.3673,modis
008,Tharaka-Nithi,2020,8,2020-08-01,0.5768,0.3053,modis
008,Tharaka-Nithi,2020,9,2020-09-01,0.5777,0.3341,modis
008,Tharaka-Nithi,2020,10,2020-10-01,0.5553,0.3091,modis
008,Tharaka-Nithi,2020,11,2020-11-01,0.6533,0.376,modis
008,Tharaka-Nithi,2020,12,2020-12-01,0.7269,0.4487,modis
008,Tharaka-Nithi,2021,1,2021-01-01,0.7123,0.4212,modis
008,Tharaka-Nithi,2021,2,2021-02-01,0.6547,0.3653,modis
008,Tharaka-Nithi,2021,3,2021-03-01,0.6213,0.3475,modis
008,Tharaka-Nithi,2021,4,2021-04-01,0.6563,0.384,modis
008,Tharaka-Nithi,2021,5,2021-05-01,0.6893,0.4547,modis
008,Tharaka-Nithi,2021,6,2021-06-01,0.6404,0.3943,modis
008,Tharaka-Nithi,2021,7,2021-07-01,0.5256,0.314,modis
008,Tharaka-Nithi,2021,8,2021-08-01,0.5428,0.3097,modis
008,Tharaka-Nithi,2021,9,2021-09-01,0.5195,0.3109,modis
008,Tharaka-Nithi,2021,10,2021-10-01,0.5372,0.2907,modis
008,Tharaka-Nithi,2021,11,2021-11-01,0.638,0.3923,modis
008,Tharaka-Nithi,2021,12,2021-12-01,0.7215,0.4434,modis
008,Tharaka-Nithi,2022,1,2022-01-01,0.7229,0.4367,modis
008,Tharaka-Nithi,2022,2,2022-02-01,0.6426,0.3617,modis
008,Tharaka-Nithi,2022,3,2022-03-01,0.5975,0.3544,modis
008,Tharaka-Nithi,2022,4,2022-04-01,0.6473,0.3654,modis
008,Tharaka-Nithi,2022,5,2022-05-01,0.6707,0.4073,modis
008,Tharaka-Nithi,2022,6,2022-06-01,0.6204,0.376,modis
008,Tharaka-Nithi,2022,7,2022-07-01,0.5398,0.3154,modis
008,Tharaka-Nithi,2022,8,2022-08-01,0.4693,0.2399,modis
008,Tharaka-Nithi,2022,9,2022-09-01,0.4937,0.2687,modis
008,Tharaka-Nithi,2022,10,2022-10-01,0.4916,0.2958,modis
008,Tharaka-Nithi,2022,11,2022-11-01,0.5758,0.3235,modis
008,Tharaka-Nithi,2022,12,2022-12-01,0.7331,0.4548,modis
009,Embu,2019,1,2019-01-01,0.6663,0.4088,modis
009,Embu,2019,2,2019-02-01,0.5702,0.3522,modis
009,Embu,2019,3,2019-03-01,0.5156,0.3038,modis
009,Embu,2019,4,2019-04-01,0.5293,0.3008,modis
009,Embu,2019,5,2019-05-01,0.6122,0.3637,modis
009,Embu,2019,6,2019-06-01,0.6179,0.3669,modis
009,Embu,2019,7,2019-07-01,0.5464,0.334,modis
009,Embu,2019,8,2019-08-01,0.5152,0.2801,modis
009,Embu,2019,9,2019-09-01,0.5048,0.2743,modis
009,Embu,2019,10,2019-10-01,0.5142,0.3146,modis
009,Embu,2019,11,2019-11-01,0.6664,0.4052,modis
009,Embu,2019,12,2019-12-01,0.7046,0.4455,modis
009,Embu,2020,1,2020-01-01,0.6773,0.4225,modis
009,Embu,2020,2,2020-02-01,0.6943,0.4421,modis
009,Embu,2020,3,2020-03-01,0.6816,0.3965,modis
009,Embu,2020,4,2020-04-01,0.6689,0.4301,modis
009,Embu,2020,5,2020-05-01,0.7328,0.4608,modis
009,Embu,2020,6,2020-06-01,0.6649,0.4002,modis
009,Embu,2020,7,2020-07-01,0.6157,0.3633,modis
009,Embu,2020,8,2020-08-01,0.4972,0.2843,modis
009,Embu,2020,9,2020-09-01,0.5412,0.3126,modis
009,Embu,2020,10,2020-10-01,0.5307,0.2952,modis
009,Embu,2020,11,2020-11-01,0.6352,0.3815,modis
009,Embu,2020,12,2020-12-01,0.7018,0.4428,modis
009,Embu,2021,1,2021-01-01,0.6951,0.398,modis
009,Embu,2021,2,2021-02-01,0.6331,0.3611,modis
009,Embu,2021,3,2021-03-01,0.5804,0.3325,modis
009,Embu,2021,4,2021-04-01,0.6059,0.3687,modis
009,Embu,2021,5,2021-05-01,0.6255,0.4223,modis
009,Embu,2021,6,2021-06-01,0.5482,0.3619,modis
009,Embu,2021,7,2021-07-01,0.5384,0.3077,modis
009,Embu,2021,8,2021-08-01,0.5066,0.2749,modis
009,Embu,2021,9,2021-09-01,0.4948,0.2929,modis
009,Embu,2021,10,2021-10-01,0.5097,0.2779,modis
009,Embu,2021,11,2021-11-01,0.5757,0.3623,modis
009,Embu,2021,12,2021-12-01,0.683,0.4169,modis
009,Embu,2022,1,2022-01-01,0.6956,0.4133,modis
009,Embu,2022,2,2022-02-01,0.5935,0.3403,modis
009,Embu,2022,3,2022-03-01,0.5648,0.3202,modis
009,Embu,2022,4,2022-04-01,0.6061,0.355,modis
009,Embu,2022,5,2022-05-01,0.6547,0.3936,modis
009,Embu,2022,6,2022-06-01,0.6086,0.3679,modis
009,Embu,2022,7,2022-07-01,0.4946,0.2986,modis
009,Embu,2022,8,2022-08-01,0.3922,0.2053,modis
009,Embu,2022,9,2022-09-01,0.4175,0.2418,modis
009,Embu,2022,10,2022-10-01,0.4614,0.2941,modis
009,Embu,2022,11,2022-11-01,0.5228,0.3135,modis
009,Embu,2022,12,2022-12-01,0.6972,0.4443,modis
010,Kitui,2019,1,2019-01-01,0.5865,0.3798,modis
010,Kitui,2019,2,2019-02-01,0.4641,0.2922,modis
010,Kitui,2019,3,2019-03-01,0.38,0.2266,modis
010,Kitui,2019,4,2019-04-01,0.3467,0.2118,modis
010,Kitui,2019,5,2019-05-01,0.4968,0.2809,modis
010,Kitui,2019,6,2019-06-01,0.4364,0.2574,modis
010,Kitui,2019,7,2019-07-01,0.3637,0.2112,modis
010,Kitui,2019,8,2019-08-01,0.3204,0.18,modis
010,Kitui,2019,9,2019-09-01,0.2972,0.162,modis
010,Kitui,2019,10,2019-10-01,0.3643,0.218,modis
010,Kitui,2019,11,2019-11-01,0.6389,0.408,modis
010,Kitui,2019,12,2019-12-01,0.7067,0.4866,modis
010,Kitui,2020,1,2020-01-01,0.6877,0.4428,modis
010,Kitui,2020,2,2020-02-01,0.6773,0.4283,modis
010,Kitui,2020,3,2020-03-01,0.6592,0.4156,modis
010,Kitui,2020,4,2020-04-01,0.6861,0.456,modis
010,Kitui,2020,5,2020-05-01,0.6859,0.4558,modis
010,Kitui,2020,6,2020-06-01,0.6125,0.3708,modis
010,Kitui,2020,7,2020-07-01,0.5194,0.3042,modis
010,Kitui,2020,8,2020-08-01,0.4313,0.2348,modis
010,Kitui,2020,9,2020-09-01,0.3768,0.2158,modis
010,Kitui,2020,10,2020-10-01,0.3522,0.1987,modis
010,Kitui,2020,11,2020-11-01,0.5022,0.2995,modis
010,Kitui,2020,12,2020-12-01,0.6506,0.4195,modis
010,Kitui,2021,1,2021-01-01,0.611,0.3787,modis
010,Kitui,2021,2,2021-02-01,0.5319,0.311,modis
010,Kitui,2021,3,2021-03-01,0.4264,0.2425,modis
010,Kitui,2021,4,2021-04-01,0.4944,0.3069,modis
010,Kitui,2021,5,2021-05-01,0.4848,0.3104,modis
010,Kitui,2021,6,2021-06-01,0.4724,0.2844,modis
010,Kitui,2021,7,2021-07-01,0.3769,0.2126,modis
010,Kitui,2021,8,2021-08-01,0.3244,0.1809,modis
010,Kitui,2021,9,2021-09-01,0.3128,0.1707,modis
010,Kitui,2021,10,2021-10-01,0.2994,0.1654,modis
010,Kitui,2021,11,2021-11-01,0.304,0.1773,modis
010,Kitui,2021,12,2021-12-01,0.5811,0.3813,modis
010,Kitui,2022,1,2022-01-01,0.6869,0.4511,modis
010,Kitui,2022,2,2022-02-01,0.5007,0.307,modis
010,Kitui,2022,3,2022-03-01,0.4222,0.2474,modis
010,Kitui,2022,4,2022-04-01,0.4225,0.2466,modis
010,Kitui,2022,5,2022-05-01,0.5394,0.3374,modis
010,Kitui,2022,6,2022-06-01,0.4403,0.2498,modis
010,Kitui,2022,7,2022-07-01,0.3609,0.1931,modis
010,Kitui,2022,8,2022-08-01,0.3131,0.1638,modis
010,Kitui,2022,9,2022-09-01,0.2919,0.1666,modis
010,Kitui,2022,10,2022-10-01,0.2635,0.1592,modis
010,Kitui,2022,11,2022-11-01,0.398,0.2456,modis
010,Kitui,2022,12,2022-12-01,0.6063,0.4123,modis
011,Machakos,2019,1,2019-01-01,0.558,0.3565,modis
011,Machakos,2019,2,2019-02-01,0.4286,0.2767,modis
011,Machakos,2019,3,2019-03-01,0.358,0.2166,modis
011,Machakos,2019,4,2019-04-01,0.3285,0.1991,modis
011,Machakos,2019,5,2019-05-01,0.4519,0.2702,modis
011,Machakos,2019,6,2019-06-01,0.4638,0.2846,modis
011,Machakos,2019,7,2019-07-01,0.4313,0.2547,modis
011,Machakos,2019,8,2019-08-01,0.3547,0.192,modis
011,Machakos,2019,9,2019-09-01,0.3105,0.1786,modis
011,Machakos,2019,10,2019-10-01,0.3475,0.204,modis
011,Machakos,2019,11,2019-11-01,0.6075,0.3679,modis
011,Machakos,2019,12,2019-12-01,0.6326,0.4158,modis
011,Machakos,2020,1,2020-01-01,0.6634,0.4395,modis
011,Machakos,2020,2,2020-02-01,0.636,0.4301,modis
011,Machakos,2020,3,2020-03-01,0.6144,0.3832,modis
011,Machakos,2020,4,2020-04-01,0.6297,0.4169,modis
011,Machakos,2020,5,2020-05-01,0.6495,0.4358,modis
011,Machakos,2020,6,2020-06-01,0.562,0.3544,modis
011,Machakos,2020,7,2020-07-01,0.522,0.3193,modis
011,Machakos,2020,8,2020-08-01,0.4243,0.2386,modis
011,Machakos,2020,9,2020-09-01,0.3747,0.2218,modis
011,Machakos,2020,10,2020-10-01,0.352,0.1998,modis
011,Machakos,2020,11,2020-11-01,0.4678,0.2768,modis
011,Machakos,2020,12,2020-12-01,0.5301,0.3341,modis
011,Machakos,2021,1,2021-01-01,0.5352,0.3188,modis
011,Machakos,2021,2,2021-02-01,0.5301,0.2991,modis
011,Machakos,2021,3,2021-03-01,0.4508,0.2728,modis
011,Machakos,2021,4,2021-04-01,0.504,0.309,modis
011,Machakos,2021,5,2021-05-01,0.5164,0.3414,modis
011,Machakos,2021,6,2021-06-01,0.5341,0.3535,modis
011,Machakos,2021,7,2021-07-01,0.4467,0.2691,modis
011,Machakos,2021,8,2021-08-01,0.3754,0.2162,modis
011,Machakos,2021,9,2021-09-01,0.3426,0.2099,modis
011,Machakos,2021,10,2021-10-01,0.3182,0.1803,modis
011,Machakos,2021,11,2021-11-01,0.3288,0.2025,modis
011,Machakos,2021,12,2021-12-01,0.5586,0.3324,modis
011,Machakos,2022,1,2022-01-01,0.5954,0.3644,modis
011,Machakos,2022,2,2022-02-01,0.4597,0.2773,modis
011,Machakos,2022,3,2022-03-01,0.4192,0.2513,modis
011,Machakos,2022,4,2022-04-01,0.4673,0.2788,modis
011,Machakos,2022,5,2022-05-01,0.5366,0.3308,modis
011,Machakos,2022,6,2022-06-01,0.4421,0.264,modis
011,Machakos,2022,7,2022-07-01,0.3603,0.1996,modis
011,Machakos,2022,8,2022-08-01,0.2968,0.1592,modis
011,Machakos,2022,9,2022-09-01,0.2912,0.1731,modis
011,Machakos,2022,10,2022-10-01,0.2736,0.1729,modis
011,Machakos,2022,11,2022-11-01,0.3354,0.2034,modis
011,Machakos,2022,12,2022-12-01,0.4914,0.3019,modis
012,Makueni,2019,1,2019-01-01,0.5578,0.3584,modis
012,Makueni,2019,2,2019-02-01,0.4162,0.2507,modis
012,Makueni,2019,3,2019-03-01,0.3495,0.1982,modis
012,Makueni,2019,4,2019-04-01,0.3194,0.1911,modis
012,Makueni,2019,5,2019-05-01,0.4555,0.2662,modis
012,Makueni,2019,6,2019-06-01,0.4241,0.2504,modis
012,Makueni,2019,7,2019-07-01,0.3683,0.2001,modis
012,Makueni,2019,8,2019-08-01,0.3204,0.1676,modis
012,Makueni,2019,9,2019-09-01,0.2872,0.1558,modis
012,Makueni,2019,10,2019-10-01,0.3318,0.1857,modis
012,Makueni,2019,11,2019-11-01,0.5546,0.3336,modis
012,Makueni,2019,12,2019-12-01,0.662,0.4483,modis
012,Makueni,2020,1,2020-01-01,0.6704,0.4455,modis
012,Makueni,2020,2,2020-02-01,0.6641,0.4353,modis
012,Makueni,2020,3,2020-03-01,0.6264,0.3822,modis
012,Makueni,2020,4,2020-04-01,0.6134,0.4058,modis
012,Makueni,2020,5,2020-05-01,0.6319,0.4082,modis
012,Makueni,2020,6,2020-06-01,0.563,0.3311,modis
012,Makueni,2020,7,2020-07-01,0.4649,0.2667,modis
012,Makueni,2020,8,2020-08-01,0.3911,0.2136,modis
012,Makueni,2020,9,2020-09-01,0.3455,0.1995,modis
012,Makueni,2020,10,2020-10-01,0.3351,0.1828,modis
012,Makueni,2020,11,2020-11-01,0.4472,0.2711,modis
012,Makueni,2020,12,2020-12-01,0.596,0.3801,modis
012,Makueni,2021,1,2021-01-01,0.5669,0.3251,modis
012,Makueni,2021,2,2021-02-01,0.5261,0.2859,modis
012,Makueni,2021,3,2021-03-01,0.4221,0.2414,modis
012,Makueni,2021,4,2021-04-01,0.4876,0.3032,modis
012,Makueni,2021,5,2021-05-01,0.4943,0.3131,modis
012,Makueni,2021,6,2021-06-01,0.4822,0.2985,modis
012,Makueni,2021,7,2021-07-01,0.342,0.2043,modis
012,Makueni,2021,8,2021-08-01,0.3245,0.1836,modis
012,Makueni,2021,9,2021-09-01,0.3062,0.1744,modis
012,Makueni,2021,10,2021-10-01,0.2896,0.1589,modis
012,Makueni,2021,11,2021-11-01,0.2854,0.1667,modis
012,Makueni,2021,12,2021-12-01,0.5449,0.3259,modis
012,Makueni,2022,1,2022-01-01,0.5773,0.3606,modis
012,Makueni,2022,2,2022-02-01,0.4339,0.2512,modis
012,Makueni,2022,3,2022-03-01,0.3768,0.2207,modis
012,Makueni,2022,4,2022-04-01,0.4108,0.2415,modis
012,Makueni,2022,5,2022-05-01,0.4653,0.2887,modis
012,Makueni,2022,6,2022-06-01,0.3962,0.225,modis
012,Makueni,2022,7,2022-07-01,0.328,0.1765,modis
012,Makueni,2022,8,2022-08-01,0.2703,0.1393,modis
012,Makueni,2022,9,2022-09-01,0.2725,0.1531,modis
012,Makueni,2022,10,2022-10-01,0.2551,0.1487,modis
012,Makueni,2022,11,2022-11-01,0.3204,0.1939,modis
012,Makueni,2022,12,2022-12-01,0.4943,0.3185,modis
013,Wajir,2019,1,2019-01-01,0.2238,0.1277,modis
013,Wajir,2019,2,2019-02-01,0.2043,0.118,modis
013,Wajir,2019,3,2019-03-01,0.2095,0.1235,modis
013,Wajir,2019,4,2019-04-01,0.22,0.1338,modis
013,Wajir,2019,5,2019-05-01,0.2221,0.1514,modis
013,Wajir,2019,6,2019-06-01,0.215,0.1261,modis
013,Wajir,2019,7,2019-07-01,0.2007,0.1199,modis
013,Wajir,2019,8,2019-08-01,0.1937,0.1128,modis
013,Wajir,2019,9,2019-09-01,0.1933,0.1174,modis
013,Wajir,2019,10,2019-10-01,0.2707,0.178,modis
013,Wajir,2019,11,2019-11-01,0.4844,0.3391,modis
013,Wajir,2019,12,2019-12-01,0.5856,0.3762,modis
013,Wajir,2020,1,2020-01-01,0.4131,0.2482,modis
013,Wajir,2020,2,2020-02-01,0.2861,0.1698,modis
013,Wajir,2020,3,2020-03-01,0.2534,0.1601,modis
013,Wajir,2020,4,2020-04-01,0.3119,0.1914,modis
013,Wajir,2020,5,2020-05-01,0.3597,0.2092,modis
013,Wajir,2020,6,2020-06-01,0.2843,0.1657,modis
013,Wajir,2020,7,2020-07-01,0.2478,0.1476,modis
013,Wajir,2020,8,2020-08-01,0.2278,0.1363,modis
013,Wajir,2020,9,2020-09-01,0.2191,0.136,modis
013,Wajir,2020,10,2020-10-01,0.2172,0.1336,modis
013,Wajir,2020,11,2020-11-01,0.3125,0.1932,modis
013,Wajir,2020,12,2020-12-01,0.27,0.1613,modis
013,Wajir,2021,1,2021-01-01,0.2269,0.1347,modis
013,Wajir,2021,2,2021-02-01,0.2077,0.1224,modis
013,Wajir,2021,3,2021-03-01,0.2119,0.1239,modis
013,Wajir,2021,4,2021-04-01,0.2272,0.1383,modis
013,Wajir,2021,5,2021-05-01,0.315,0.1981,modis
013,Wajir,2021,6,2021-06-01,0.2493,0.1604,modis
013,Wajir,2021,7,2021-07-01,0.2129,0.131,modis
013,Wajir,2021,8,2021-08-01,0.1985,0.1176,modis
013,Wajir,2021,9,2021-09-01,0.2068,0.1193,modis
013,Wajir,2021,10,2021-10-01,0.1974,0.1173,modis
013,Wajir,2021,11,2021-11-01,0.2051,0.119,modis
013,Wajir,2021,12,2021-12-01,0.2498,0.1529,modis
013,Wajir,2022,1,2022-01-01,0.241,0.1429,modis
013,Wajir,2022,2,2022-02-01,0.2018,0.118,modis
013,Wajir,2022,3,2022-03-01,0.201,0.1163,modis
013,Wajir,2022,4,2022-04-01,0.1859,0.1198,modis
013,Wajir,2022,5,2022-05-01,0.2828,0.1809,modis
013,Wajir,2022,6,2022-06-01,0.2548,0.1623,modis
013,Wajir,2022,7,2022-07-01,0.2194,0.1333,modis
013,Wajir,2022,8,2022-08-01,0.1879,0.1196,modis
013,Wajir,2022,9,2022-09-01,0.1915,0.1192,modis
013,Wajir,2022,10,2022-10-01,0.1635,0.1087,modis
013,Wajir,2022,11,2022-11-01,0.1689,0.1136,modis
013,Wajir,2022,12,2022-12-01,0.2168,0.1347,modis
014,Mandera,2019,1,2019-01-01,0.2214,0.133,modis
014,Mandera,2019,2,2019-02-01,0.1975,0.1184,modis
014,Mandera,2019,3,2019-03-01,0.1922,0.1139,modis
014,Mandera,2019,4,2019-04-01,0.1904,0.115,modis
014,Mandera,2019,5,2019-05-01,0.2389,0.1538,modis
014,Mandera,2019,6,2019-06-01,0.2203,0.1393,modis
014,Mandera,2019,7,2019-07-01,0.1963,0.1194,modis
014,Mandera,2019,8,2019-08-01,0.192,0.1104,modis
014,Mandera,2019,9,2019-09-01,0.1836,0.108,modis
014,Mandera,2019,10,2019-10-01,0.2854,0.1831,modis
014,Mandera,2019,11,2019-11-01,0.4299,0.2864,modis
014,Mandera,2019,12,2019-12-01,0.4138,0.2525,modis
014,Mandera,2020,1,2020-01-01,0.2827,0.174,modis
014,Mandera,2020,2,2020-02-01,0.2324,0.1416,modis
014,Mandera,2020,3,2020-03-01,0.2224,0.1297,modis
014,Mandera,2020,4,2020-04-01,0.2968,0.1759,modis
014,Mandera,2020,5,2020-05-01,0.3872,0.2366,modis
014,Mandera,2020,6,2020-06-01,0.2861,0.1757,modis
014,Mandera,2020,7,2020-07-01,0.2372,0.15,modis
014,Mandera,2020,8,2020-08-01,0.2161,0.1367,modis
014,Mandera,2020,9,2020-09-01,0.2083,0.1266,modis
014,Mandera,2020,10,2020-10-01,0.2257,0.1412,modis
014,Mandera,2020,11,2020-11-01,0.2399,0.1492,modis
014,Mandera,2020,12,2020-12-01,0.2143,0.1279,modis
014,Mandera,2021,1,2021-01-01,0.2002,0.1187,modis
014,Mandera,2021,2,2021-02-01,0.1938,0.1133,modis
014,Mandera,2021,3,2021-03-01,0.1925,0.1144,modis
014,Mandera,2021,4,2021-04-01,0.1921,0.126,modis
014,Mandera,2021,5,2021-05-01,0.2912,0.1925,modis
014,Mandera,2021,6,2021-06-01,0.2403,0.1483,modis
014,Mandera,2021,7,2021-07-01,0.2001,0.1258,modis
014,Mandera,2021,8,2021-08-01,0.1943,0.1171,modis
014,Mandera,2021,9,2021-09-01,0.1864,0.1142,modis
014,Mandera,2021,10,2021-10-01,0.1959,0.116,modis
014,Mandera,2021,11,2021-11-01,0.2045,0.1221,modis
014,Mandera,2021,12,2021-12-01,0.2276,0.1402,modis
014,Mandera,2022,1,2022-01-01,0.2035,0.1226,modis
014,Mandera,2022,2,2022-02-01,0.1857,0.11,modis
014,Mandera,2022,3,2022-03-01,0.182,0.1079,modis
014,Mandera,2022,4,2022-04-01,0.184,0.1146,modis
014,Mandera,2022,5,2022-05-01,0.2319,0.1455,modis
014,Mandera,2022,6,2022-06-01,0.1967,0.1211,modis
014,Mandera,2022,7,2022-07-01,0.1859,0.1103,modis
014,Mandera,2022,8,2022-08-01,0.1835,0.1093,modis
014,Mandera,2022,9,2022-09-01,0.176,0.1081,modis
014,Mandera,2022,10,2022-10-01,0.175,0.1112,modis
014,Mandera,2022,11,2022-11-01,0.195,0.1288,modis
014,Mandera,2022,12,2022-12-01,0.1865,0.1112,modis
015,Marsabit,2019,1,2019-01-01,0.2306,0.1204,modis
015,Marsabit,2019,2,2019-02-01,0.2025,0.1053,modis
015,Marsabit,2019,3,2019-03-01,0.2046,0.1039,modis
015,Marsabit,2019,4,2019-04-01,0.2029,0.107,modis
015,Marsabit,2019,5,2019-05-01,0.2496,0.1323,modis
015,Marsabit,2019,6,2019-06-01,0.217,0.1108,modis
015,Marsabit,2019,7,2019-07-01,0.1932,0.0995,modis
015,Marsabit,2019,8,2019-08-01,0.1858,0.0929,modis
015,Marsabit,2019,9,2019-09-01,0.1828,0.0923,modis
015,Marsabit,2019,10,2019-10-01,0.245,0.1449,modis
015,Marsabit,2019,11,2019-11-01,0.5181,0.325,modis
015,Marsabit,2019,12,2019-12-01,0.569,0.3562,modis
015,Marsabit,2020,1,2020-01-01,0.4274,0.234,modis
015,Marsabit,2020,2,2020-02-01,0.3419,0.1898,modis
015,Marsabit,2020,3,2020-03-01,0.2802,0.1522,modis
015,Marsabit,2020,4,2020-04-01,0.3818,0.2345,modis
015,Marsabit,2020,5,2020-05-01,0.4689,0.2779,modis
015,Marsabit,2020,6,2020-06-01,0.316,0.1731,modis
015,Marsabit,2020,7,2020-07-01,0.2538,0.1354,modis
015,Marsabit,2020,8,2020-08-01,0.234,0.1293,modis
015,Marsabit,2020,9,2020-09-01,0.2229,0.1182,modis
015,Marsabit,2020,10,2020-10-01,0.221,0.1184,modis
015,Marsabit,2020,11,2020-11-01,0.3011,0.1779,modis
015,Marsabit,2020,12,2020-12-01,0.316,0.1764,modis
015,Marsabit,2021,1,2021-01-01,0.2606,0.1367,modis
015,Marsabit,2021,2,2021-02-01,0.2209,0.114,modis
015,Marsabit,2021,3,2021-03-01,0.2152,0.1089,modis
015,Marsabit,2021,4,2021-04-01,0.1811,0.1009,modis
015,Marsabit,2021,5,2021-05-01,0.2691,0.1361,modis
015,Marsabit,2021,6,2021-06-01,0.239,0.1229,modis
015,Marsabit,2021,7,2021-07-01,0.2125,0.1088,modis
015,Marsabit,2021,8,2021-08-01,0.1968,0.1007,modis
015,Marsabit,2021,9,2021-09-01,0.1907,0.0969,modis
015,Marsabit,2021,10,2021-10-01,0.189,0.0973,modis
015,Marsabit,2021,11,2021-11-01,0.2092,0.1101,modis
015,Marsabit,2021,12,2021-12-01,0.2423,0.1291,modis
015,Marsabit,2022,1,2022-01-01,0.2286,0.1126,modis
015,Marsabit,2022,2,2022-02-01,0.203,0.0997,modis
015,Marsabit,2022,3,2022-03-01,0.1939,0.0954,modis
015,Marsabit,2022,4,2022-04-01,0.173,0.0905,modis
015,Marsabit,2022,5,2022-05-01,0.2572,0.1301,modis
015,Marsabit,2022,6,2022-06-01,0.2113,0.1087,modis
015,Marsabit,2022,7,2022-07-01,0.1845,0.0936,modis
015,Marsabit,2022,8,2022-08-01,0.1792,0.0907,modis
015,Marsabit,2022,9,2022-09-01,0.1744,0.0876,modis
015,Marsabit,2022,10,2022-10-01,0.1405,0.0815,modis
015,Marsabit,2022,11,2022-11-01,0.1635,0.0866,modis
015,Marsabit,2022,12,2022-12-01,0.1762,0.0931,modis
016,Garissa,2019,1,2019-01-01,0.2324,0.1533,modis
016,Garissa,2019,2,2019-02-01,0.2087,0.145,modis
016,Garissa,2019,3,2019-03-01,0.2078,0.1416,modis
016,Garissa,2019,4,2019-04-01,0.2102,0.1418,modis
016,Garissa,2019,5,2019-05-01,0.2285,0.1599,modis
016,Garissa,2019,6,2019-06-01,0.2118,0.1437,modis
016,Garissa,2019,7,2019-07-01,0.1988,0.1368,modis
016,Garissa,2019,8,2019-08-01,0.1924,0.1307,modis
016,Garissa,2019,9,2019-09-01,0.1991,0.1412,modis
016,Garissa,2019,10,2019-10-01,0.2884,0.2062,modis
016,Garissa,2019,11,2019-11-01,0.3972,0.2734,modis
016,Garissa,2019,12,2019-12-01,0.4479,0.315,modis
016,Garissa,2020,1,2020-01-01,0.3573,0.2418,modis
016,Garissa,2020,2,2020-02-01,0.3053,0.2078,modis
016,Garissa,2020,3,2020-03-01,0.2683,0.173,modis
016,Garissa,2020,4,2020-04-01,0.3467,0.2221,modis
016,Garissa,2020,5,2020-05-01,0.3932,0.2588,modis
016,Garissa,2020,6,2020-06-01,0.3077,0.2029,modis
016,Garissa,2020,7,2020-07-01,0.2576,0.1702,modis
016,Garissa,2020,8,2020-08-01,0.2433,0.1549,modis
016,Garissa,2020,9,2020-09-01,0.2168,0.1512,modis
016,Garissa,2020,10,2020-10-01,0.2123,0.1439,modis
016,Garissa,2020,11,2020-11-01,0.345,0.2357,modis
016,Garissa,2020,12,2020-12-01,0.3145,0.2229,modis
016,Garissa,2021,1,2021-01-01,0.2647,0.1724,modis
016,Garissa,2021,2,2021-02-01,0.2233,0.1489,modis
016,Garissa,2021,3,2021-03-01,0.2123,0.1461,modis
016,Garissa,2021,4,2021-04-01,0.2436,0.1719,modis
016,Garissa,2021,5,2021-05-01,0.2529,0.1791,modis
016,Garissa,2021,6,2021-06-01,0.2193,0.1491,modis
016,Garissa,2021,7,2021-07-01,0.2053,0.1405,modis
016,Garissa,2021,8,2021-08-01,0.1934,0.1318,modis
016,Garissa,2021,9,2021-09-01,0.2037,0.1373,modis
016,Garissa,2021,10,2021-10-01,0.1946,0.1346,modis
016,Garissa,2021,11,2021-11-01,0.1993,0.1412,modis
016,Garissa,2021,12,2021-12-01,0.4107,0.3055,modis
016,Garissa,2022,1,2022-01-01,0.4211,0.3032,modis
016,Garissa,2022,2,2022-02-01,0.2701,0.1933,modis
016,Garissa,2022,3,2022-03-01,0.2308,0.1642,modis
016,Garissa,2022,4,2022-04-01,0.2241,0.1594,modis
016,Garissa,2022,5,2022-05-01,0.2511,0.1772,modis
016,Garissa,2022,6,2022-06-01,0.2198,0.1507,modis
016,Garissa,2022,7,2022-07-01,0.213,0.1426,modis
016,Garissa,2022,8,2022-08-01,0.2014,0.1371,modis
016,Garissa,2022,9,2022-09-01,0.1939,0.139,modis
016,Garissa,2022,10,2022-10-01,0.1781,0.1292,modis
016,Garissa,2022,11,2022-11-01,0.2809,0.2026,modis
016,Garissa,2022,12,2022-12-01,0.3311,0.2362,modis
017,Taita Taveta,2019,1,2019-01-01,0.4331,0.25,modis
017,Taita Taveta,2019,2,2019-02-01,0.3378,0.1948,modis
017,Taita Taveta,2019,3,2019-03-01,0.3192,0.175,modis
017,Taita Taveta,2019,4,2019-04-01,0.3632,0.2143,modis
017,Taita Taveta,2019,5,2019-05-01,0.4603,0.2679,modis
017,Taita Taveta,2019,6,2019-06-01,0.4589,0.2796,modis
017,Taita Taveta,2019,7,2019-07-01,0.3476,0.1977,modis
017,Taita Taveta,2019,8,2019-08-01,0.2909,0.1602,modis
017,Taita Taveta,2019,9,2019-09-01,0.2766,0.143,modis
017,Taita Taveta,2019,10,2019-10-01,0.3839,0.2266,modis
017,Taita Taveta,2019,11,2019-11-01,0.6324,0.4255,modis
017,Taita Taveta,2019,12,2019-12-01,0.693,0.4839,modis
017,Taita Taveta,2020,1,2020-01-01,0.6611,0.4571,modis
017,Taita Taveta,2020,2,2020-02-01,0.6813,0.4522,modis
017,Taita Taveta,2020,3,2020-03-01,0.6584,0.4095,modis
017,Taita Taveta,2020,4,2020-04-01,0.6574,0.4223,modis
017,Taita Taveta,2020,5,2020-05-01,0.5983,0.3727,modis
017,Taita Taveta,2020,6,2020-06-01,0.4932,0.2826,modis
017,Taita Taveta,2020,7,2020-07-01,0.3992,0.2119,modis
017,Taita Taveta,2020,8,2020-08-01,0.3446,0.1817,modis
017,Taita Taveta,2020,9,2020-09-01,0.3281,0.1771,modis
017,Taita Taveta,2020,10,2020-10-01,0.3065,0.1709,modis
017,Taita Taveta,2020,11,2020-11-01,0.4319,0.2649,modis
017,Taita Taveta,2020,12,2020-12-01,0.5959,0.3668,modis
017,Taita Taveta,2021,1,2021-01-01,0.5571,0.3146,modis
017,Taita Taveta,2021,2,2021-02-01,0.4709,0.2737,modis
017,Taita Taveta,2021,3,2021-03-01,0.4083,0.2194,modis
017,Taita Taveta,2021,4,2021-04-01,0.4926,0.2957,modis
017,Taita Taveta,2021,5,2021-05-01,0.4965,0.2922,modis
017,Taita Taveta,2021,6,2021-06-01,0.3756,0.2171,modis
017,Taita Taveta,2021,7,2021-07-01,0.3271,0.1772,modis
017,Taita Taveta,2021,8,2021-08-01,0.3017,0.161,modis
017,Taita Taveta,2021,9,2021-09-01,0.2937,0.1595,modis
017,Taita Taveta,2021,10,2021-10-01,0.2675,0.1595,modis
017,Taita Taveta,2021,11,2021-11-01,0.2781,0.1561,modis
017,Taita Taveta,2021,12,2021-12-01,0.483,0.2905,modis
017,Taita Taveta,2022,1,2022-01-01,0.5299,0.331,modis
017,Taita Taveta,2022,2,2022-02-01,0.4253,0.2337,modis
017,Taita Taveta,2022,3,2022-03-01,0.3676,0.2028,modis
017,Taita Taveta,2022,4,2022-04-01,0.3504,0.2049,modis
017,Taita Taveta,2022,5,2022-05-01,0.3633,0.2139,modis
017,Taita Taveta,2022,6,2022-06-01,0.3086,0.1668,modis
017,Taita Taveta,2022,7,2022-07-01,0.2822,0.1507,modis
017,Taita Taveta,2022,8,2022-08-01,0.2574,0.1342,modis
017,Taita Taveta,2022,9,2022-09-01,0.2328,0.1316,modis
017,Taita Taveta,2022,10,2022-10-01,0.2307,0.1388,modis
017,Taita Taveta,2022,11,2022-11-01,0.2762,0.1546,modis
017,Taita Taveta,2022,12,2022-12-01,0.4067,0.2575,modis
018,Nakuru,2019,1,2019-01-01,0.4979,0.2625,modis
018,Nakuru,2019,2,2019-02-01,0.3961,0.2352,modis
018,Nakuru,2019,3,2019-03-01,0.3699,0.1937,modis
018,Nakuru,2019,4,2019-04-01,0.3526,0.1766,modis
018,Nakuru,2019,5,2019-05-01,0.4035,0.2061,modis
018,Nakuru,2019,6,2019-06-01,0.5401,0.2928,modis
018,Nakuru,2019,7,2019-07-01,0.6878,0.4243,modis
018,Nakuru,2019,8,2019-08-01,0.6935,0.4309,modis
018,Nakuru,2019,9,2019-09-01,0.6598,0.394,modis
018,Nakuru,2019,10,2019-10-01,0.5733,0.3806,modis
018,Nakuru,2019,11,2019-11-01,0.6669,0.3782,modis
018,Nakuru,2019,12,2019-12-01,0.6294,0.3876,modis
018,Nakuru,2020,1,2020-01-01,0.6347,0.3838,modis
018,Nakuru,2020,2,2020-02-01,0.6284,0.3679,modis
018,Nakuru,2020,3,2020-03-01,0.5799,0.338,modis
018,Nakuru,2020,4,2020-04-01,0.602,0.3489,modis
018,Nakuru,2020,5,2020-05-01,0.6915,0.3846,modis
018,Nakuru,2020,6,2020-06-01,0.6806,0.4052,modis
018,Nakuru,2020,7,2020-07-01,0.6941,0.4249,modis
018,Nakuru,2020,8,2020-08-01,0.701,0.4032,modis
018,Nakuru,2020,9,2020-09-01,0.6809,0.4045,modis
018,Nakuru,2020,10,2020-10-01,0.6282,0.3667,modis
018,Nakuru,2020,11,2020-11-01,0.646,0.3819,modis
018,Nakuru,2020,12,2020-12-01,0.5826,0.3496,modis
018,Nakuru,2021,1,2021-01-01,0.5216,0.2817,modis
018,Nakuru,2021,2,2021-02-01,0.4649,0.2512,modis
018,Nakuru,2021,3,2021-03-01,0.4367,0.2303,modis
018,Nakuru,2021,4,2021-04-01,0.4654,0.2434,modis
018,Nakuru,2021,5,2021-05-01,0.5457,0.3113,modis
018,Nakuru,2021,6,2021-06-01,0.5927,0.3491,modis
018,Nakuru,2021,7,2021-07-01,0.5886,0.3271,modis
018,Nakuru,2021,8,2021-08-01,0.6368,0.3927,modis
018,Nakuru,2021,9,2021-09-01,0.6329,0.3683,modis
018,Nakuru,2021,10,2021-10-01,0.6141,0.3497,modis
018,Nakuru,2021,11,2021-11-01,0.5257,0.3082,modis
018,Nakuru,2021,12,2021-12-01,0.4746,0.2508,modis
018,Nakuru,2022,1,2022-01-01,0.4305,0.2237,modis
018,Nakuru,2022,2,2022-02-01,0.3941,0.2115,modis
018,Nakuru,2022,3,2022-03-01,0.3596,0.1842,modis
018,Nakuru,2022,4,2022-04-01,0.3832,0.1771,modis
018,Nakuru,2022,5,2022-05-01,0.5642,0.305,modis
018,Nakuru,2022,6,2022-06-01,0.5823,0.3462,modis
018,Nakuru,2022,7,2022-07-01,0.5861,0.3503,modis
018,Nakuru,2022,8,2022-08-01,0.5988,0.34,modis
018,Nakuru,2022,9,2022-09-01,0.6266,0.3719,modis
018,Nakuru,2022,10,2022-10-01,0.5465,0.3225,modis
018,Nakuru,2022,11,2022-11-01,0.5003,0.2759,modis
018,Nakuru,2022,12,2022-12-01,0.4826,0.2536,modis
019,Narok,2019,1,2019-01-01,0.5354,0.3076,modis
019,Narok,2019,2,2019-02-01,0.443,0.2656,modis
019,Narok,2019,3,2019-03-01,0.4113,0.2362,modis
019,Narok,2019,4,2019-04-01,0.384,0.2119,modis
019,Narok,2019,5,2019-05-01,0.5033,0.2922,modis
019,Narok,2019,6,2019-06-01,0.5442,0.3381,modis
019,Narok,2019,7,2019-07-01,0.5747,0.3556,modis
019,Narok,2019,8,2019-08-01,0.5047,0.3113,modis
019,Narok,2019,9,2019-09-01,0.4658,0.2885,modis
019,Narok,2019,10,2019-10-01,0.4497,0.3002,modis
019,Narok,2019,11,2019-11-01,0.5388,0.3314,modis
019,Narok,2019,12,2019-12-01,0.6615,0.4015,modis
019,Narok,2020,1,2020-01-01,0.6857,0.4497,modis
019,Narok,2020,2,2020-02-01,0.6847,0.4251,modis
019,Narok,2020,3,2020-03-01,0.6781,0.4305,modis
019,Narok,2020,4,2020-04-01,0.6291,0.4261,modis
019,Narok,2020,5,2020-05-01,0.7011,0.4363,modis
019,Narok,2020,6,2020-06-01,0.593,0.3847,modis
019,Narok,2020,7,2020-07-01,0.6271,0.3819,modis
019,Narok,2020,8,2020-08-01,0.5558,0.3093,modis
019,Narok,2020,9,2020-09-01,0.5251,0.3204,modis
019,Narok,2020,10,2020-10-01,0.4866,0.2806,modis
019,Narok,2020,11,2020-11-01,0.5116,0.3057,modis
019,Narok,2020,12,2020-12-01,0.529,0.3367,modis
019,Narok,2021,1,2021-01-01,0.564,0.3397,modis
019,Narok,2021,2,2021-02-01,0.5753,0.3415,modis
019,Narok,2021,3,2021-03-01,0.5492,0.3309,modis
019,Narok,2021,4,2021-04-01,0.5952,0.365,modis
019,Narok,2021,5,2021-05-01,0.5826,0.3652,modis
019,Narok,2021,6,2021-06-01,0.6078,0.376,modis
019,Narok,2021,7,2021-07-01,0.5392,0.3117,modis
019,Narok,2021,8,2021-08-01,0.4724,0.2745,modis
019,Narok,2021,9,2021-09-01,0.4547,0.2751,modis
019,Narok,2021,10,2021-10-01,0.4422,0.2678,modis
019,Narok,2021,11,2021-11-01,0.4337,0.2589,modis
019,Narok,2021,12,2021-12-01,0.4411,0.2433,modis
019,Narok,2022,1,2022-01-01,0.446,0.2463,modis
019,Narok,2022,2,2022-02-01,0.5885,0.3656,modis
019,Narok,2022,3,2022-03-01,0.5466,0.3444,modis
019,Narok,2022,4,2022-04-01,0.5125,0.3017,modis
019,Narok,2022,5,2022-05-01,0.6122,0.3628,modis
019,Narok,2022,6,2022-06-01,0.5922,0.3517,modis
019,Narok,2022,7,2022-07-01,0.4954,0.3078,modis
019,Narok,2022,8,2022-08-01,0.4274,0.2454,modis
019,Narok,2022,9,2022-09-01,0.4519,0.2644,modis
019,Narok,2022,10,2022-10-01,0.4224,0.2579,modis
019,Narok,2022,11,2022-11-01,0.4359,0.2558,modis
019,Narok,2022,12,2022-12-01,0.5018,0.2766,modis
020,Kajiado,2019,1,2019-01-01,0.4631,0.2679,modis
020,Kajiado,2019,2,2019-02-01,0.3357,0.2073,modis
020,Kajiado,2019,3,2019-03-01,0.291,0.1702,modis
020,Kajiado,2019,4,2019-04-01,0.2793,0.1621,modis
020,Kajiado,2019,5,2019-05-01,0.4515,0.274,modis
020,Kajiado,2019,6,2019-06-01,0.4513,0.27,modis
020,Kajiado,2019,7,2019-07-01,0.3822,0.2108,modis
020,Kajiado,2019,8,2019-08-01,0.3036,0.1609,modis
020,Kajiado,2019,9,2019-09-01,0.2786,0.1603,modis
020,Kajiado,2019,10,2019-10-01,0.299,0.177,modis
020,Kajiado,2019,11,2019-11-01,0.5042,0.298,modis
020,Kajiado,2019,12,2019-12-01,0.629,0.3931,modis
020,Kajiado,2020,1,2020-01-01,0.6832,0.4655,modis
020,Kajiado,2020,2,2020-02-01,0.6409,0.4441,modis
020,Kajiado,2020,3,2020-03-01,0.6241,0.3885,modis
020,Kajiado,2020,4,2020-04-01,0.5793,0.3914,modis
020,Kajiado,2020,5,2020-05-01,0.6311,0.4219,modis
020,Kajiado,2020,6,2020-06-01,0.5443,0.3413,modis
020,Kajiado,2020,7,2020-07-01,0.5041,0.3092,modis
020,Kajiado,2020,8,2020-08-01,0.3963,0.2297,modis
020,Kajiado,2020,9,2020-09-01,0.3455,0.2028,modis
020,Kajiado,2020,10,2020-10-01,0.3179,0.1892,modis
020,Kajiado,2020,11,2020-11-01,0.406,0.2371,modis
020,Kajiado,2020,12,2020-12-01,0.4321,0.2604,modis
020,Kajiado,2021,1,2021-01-01,0.4537,0.2526,modis
020,Kajiado,2021,2,2021-02-01,0.5386,0.3121,modis
020,Kajiado,2021,3,2021-03-01,0.4749,0.2956,modis
020,Kajiado,2021,4,2021-04-01,0.5036,0.3121,modis
020,Kajiado,2021,5,2021-05-01,0.5236,0.3236,modis
020,Kajiado,2021,6,2021-06-01,0.5196,0.3295,modis
020,Kajiado,2021,7,2021-07-01,0.3915,0.2293,modis
020,Kajiado,2021,8,2021-08-01,0.3281,0.1772,modis
020,Kajiado,2021,9,2021-09-01,0.3023,0.1829,modis
020,Kajiado,2021,10,2021-10-01,0.2805,0.1595,modis
020,Kajiado,2021,11,2021-11-01,0.2835,0.1678,modis
020,Kajiado,2021,12,2021-12-01,0.4488,0.2594,modis
020,Kajiado,2022,1,2022-01-01,0.4462,0.2672,modis
020,Kajiado,2022,2,2022-02-01,0.4255,0.2477,modis
020,Kajiado,2022,3,2022-03-01,0.3852,0.221,modis
020,Kajiado,2022,4,2022-04-01,0.3731,0.217,modis
020,Kajiado,2022,5,2022-05-01,0.4355,0.2578,modis
020,Kajiado,2022,6,2022-06-01,0.3767,0.202,modis
020,Kajiado,2022,7,2022-07-01,0.2945,0.1605,modis
020,Kajiado,2022,8,2022-08-01,0.2476,0.1304,modis
020,Kajiado,2022,9,2022-09-01,0.2485,0.1385,modis
020,Kajiado,2022,10,2022-10-01,0.2405,0.1473,modis
020,Kajiado,2022,11,2022-11-01,0.2748,0.1552,modis
020,Kajiado,2022,12,2022-12-01,0.3547,0.2049,modis
021,Kiambu,2019,1,2019-01-01,0.5702,0.3374,modis
021,Kiambu,2019,2,2019-02-01,0.4628,0.2985,modis
021,Kiambu,2019,3,2019-03-01,0.4146,0.2397,modis
021,Kiambu,2019,4,2019-04-01,0.4113,0.2278,modis
021,Kiambu,2019,5,2019-05-01,0.4459,0.2677,modis
021,Kiambu,2019,6,2019-06-01,0.4996,0.313,modis
021,Kiambu,2019,7,2019-07-01,0.5183,0.3119,modis
021,Kiambu,2019,8,2019-08-01,0.4581,0.2578,modis
021,Kiambu,2019,9,2019-09-01,0.4432,0.2513,modis
021,Kiambu,2019,10,2019-10-01,0.4292,0.274,modis
021,Kiambu,2019,11,2019-11-01,0.6124,0.3715,modis
021,Kiambu,2019,12,2019-12-01,0.6443,0.4061,modis
021,Kiambu,2020,1,2020-01-01,0.6731,0.4307,modis
021,Kiambu,2020,2,2020-02-01,0.6501,0.4268,modis
021,Kiambu,2020,3,2020-03-01,0.6474,0.3934,modis
021,Kiambu,2020,4,2020-04-01,0.6034,0.3945,modis
021,Kiambu,2020,5,2020-05-01,0.6853,0.4402,modis
021,Kiambu,2020,6,2020-06-01,0.576,0.3607,modis
021,Kiambu,2020,7,2020-07-01,0.5903,0.3643,modis
021,Kiambu,2020,8,2020-08-01,0.4689,0.2616,modis
021,Kiambu,2020,9,2020-09-01,0.4912,0.28,modis
021,Kiambu,2020,10,2020-10-01,0.4357,0.2476,modis
021,Kiambu,2020,11,2020-11-01,0.5335,0.3222,modis
021,Kiambu,2020,12,2020-12-01,0.5548,0.3473,modis
021,Kiambu,2021,1,2021-01-01,0.5486,0.3232,modis
021,Kiambu,2021,2,2021-02-01,0.5709,0.3203,modis
021,Kiambu,2021,3,2021-03-01,0.5431,0.3283,modis
021,Kiambu,2021,4,2021-04-01,0.5227,0.3243,modis
021,Kiambu,2021,5,2021-05-01,0.5376,0.3556,modis
021,Kiambu,2021,6,2021-06-01,0.5602,0.37,modis
021,Kiambu,2021,7,2021-07-01,0.4928,0.291,modis
021,Kiambu,2021,8,2021-08-01,0.4482,0.2371,modis
021,Kiambu,2021,9,2021-09-01,0.4467,0.2691,modis
021,Kiambu,2021,10,2021-10-01,0.4464,0.2454,modis
021,Kiambu,2021,11,2021-11-01,0.4605,0.2886,modis
021,Kiambu,2021,12,2021-12-01,0.5664,0.3306,modis
021,Kiambu,2022,1,2022-01-01,0.5516,0.3256,modis
021,Kiambu,2022,2,2022-02-01,0.5163,0.3064,modis
021,Kiambu,2022,3,2022-03-01,0.486,0.2749,modis
021,Kiambu,2022,4,2022-04-01,0.4808,0.2781,modis
021,Kiambu,2022,5,2022-05-01,0.5936,0.3343,modis
021,Kiambu,2022,6,2022-06-01,0.5271,0.3134,modis
021,Kiambu,2022,7,2022-07-01,0.4186,0.2587,modis
021,Kiambu,2022,8,2022-08-01,0.3191,0.1757,modis
021,Kiambu,2022,9,2022-09-01,0.3754,0.2133,modis
021,Kiambu,2022,10,2022-10-01,0.3924,0.2401,modis
021,Kiambu,2022,11,2022-11-01,0.4037,0.2354,modis
021,Kiambu,2022,12,2022-12-01,0.5062,0.3134,modis
